#
# There is insufficient memory for the Java Runtime Environment to continue.
# Native memory allocation (malloc) failed to allocate 1669376 bytes for Chunk::new
# Possible reasons:
#   The system is out of physical RAM or swap space
#   The process is running with CompressedOops enabled, and the Java Heap may be blocking the growth of the native heap
# Possible solutions:
#   Reduce memory load on the system
#   Increase physical memory or swap space
#   Check if swap backing store is full
#   Decrease Java heap size (-Xmx/-Xms)
#   Decrease number of Java threads
#   Decrease Java thread stack sizes (-Xss)
#   Set larger code cache with -XX:ReservedCodeCacheSize=
#   JVM is running with Unscaled Compressed Oops mode in which the Java heap is
#     placed in the first 4GB address space. The Java Heap base address is the
#     maximum limit for the native heap growth. Please use -XX:HeapBaseMinAddress
#     to set the Java Heap base and to place the Java Heap above 4GB virtual address.
# This output file may be truncated or incomplete.
#
#  Out of Memory Error (arena.cpp:189), pid=13536, tid=25136
#
# JRE version: Java(TM) SE Runtime Environment (17.0.12+8) (build 17.0.12+8-LTS-286)
# Java VM: Java HotSpot(TM) 64-Bit Server VM (17.0.12+8-LTS-286, mixed mode, sharing, tiered, compressed oops, compressed class ptrs, g1 gc, windows-amd64)
# No core dump will be written. Minidumps are not enabled by default on client versions of Windows
#

---------------  S U M M A R Y ------------

Command Line: -XX:MaxMetaspaceSize=512m --add-opens=java.base/java.util=ALL-UNNAMED --add-opens=java.base/java.lang=ALL-UNNAMED --add-opens=java.base/java.lang.invoke=ALL-UNNAMED --add-opens=java.prefs/java.util.prefs=ALL-UNNAMED --add-opens=java.base/java.nio.charset=ALL-UNNAMED --add-opens=java.base/java.net=ALL-UNNAMED --add-opens=java.base/java.util.concurrent.atomic=ALL-UNNAMED -Xmx2048m -Dfile.encoding=windows-1252 -Duser.country=IN -Duser.language=en -Duser.variant -javaagent:C:\Users\glbha\.gradle\wrapper\dists\gradle-8.6-all\3mbtmo166bl6vumsh5k2lkq5h\gradle-8.6\lib\agents\gradle-instrumentation-agent-8.6.jar org.gradle.launcher.daemon.bootstrap.GradleDaemon 8.6

Host: 13th Gen Intel(R) Core(TM) i5-1334U, 12 cores, 7G,  Windows 11 , 64 bit Build 26100 (10.0.26100.7920)
Time: Sat Feb 28 00:16:31 2026 India Standard Time elapsed time: 2826.804640 seconds (0d 0h 47m 6s)

---------------  T H R E A D  ---------------

Current thread (0x000001fc251ec570):  JavaThread "C2 CompilerThread2" daemon [_thread_in_native, id=25136, stack(0x000000453db00000,0x000000453dc00000)]


Current CompileTask:
C2:2826804 41448 %     4       com.android.tools.r8.internal.cM::a @ 291 (495 bytes)

Stack: [0x000000453db00000,0x000000453dc00000]
Native frames: (J=compiled Java code, j=interpreted, Vv=VM code, C=native code)
V  [jvm.dll+0x67a04a]
V  [jvm.dll+0x7da4ed]
V  [jvm.dll+0x7dbe33]
V  [jvm.dll+0x7dc4a3]
V  [jvm.dll+0x24508f]
V  [jvm.dll+0xab773]
V  [jvm.dll+0xabd3c]
V  [jvm.dll+0x361bee]
V  [jvm.dll+0x1ba45a]
V  [jvm.dll+0x216997]
V  [jvm.dll+0x215c6f]
V  [jvm.dll+0x1a2960]
V  [jvm.dll+0x22610b]
V  [jvm.dll+0x2242ab]
V  [jvm.dll+0x79075c]
V  [jvm.dll+0x78abea]
V  [jvm.dll+0x678f35]
C  [ucrtbase.dll+0x37b0]
C  [KERNEL32.DLL+0x2e8d7]
C  [ntdll.dll+0x8c48c]


---------------  P R O C E S S  ---------------

Threads class SMR info:
_java_thread_list=0x000001fc35b69b40, length=254, elements={
0x000001fc5b99e240, 0x000001fc7bad8060, 0x000001fc7bad8b30, 0x000001fc7baeed30,
0x000001fc7baf1610, 0x000001fc7baf1ee0, 0x000001fc7baf47c0, 0x000001fc7baf53c0,
0x000001fc7baf5cd0, 0x000001fc7baff020, 0x000001fc1f224e30, 0x000001fc1f2ceeb0,
0x000001fc20fc4b30, 0x000001fc20e065e0, 0x000001fc20bb65a0, 0x000001fc20360710,
0x000001fc20362570, 0x000001fc20360c20, 0x000001fc20361130, 0x000001fc20361640,
0x000001fc21a09f70, 0x000001fc21a09040, 0x000001fc21a0cd00, 0x000001fc21a0aea0,
0x000001fc21a0a990, 0x000001fc21a0fa90, 0x000001fc21a0f070, 0x000001fc21a75ed0,
0x000001fc21a77310, 0x000001fc21a74580, 0x000001fc21a77820, 0x000001fc21a78240,
0x000001fc21a78750, 0x000001fc21a78c60, 0x000001fc2cafd6c0, 0x000001fc2ad0a0e0,
0x000001fc2ad096c0, 0x000001fc2ad07350, 0x000001fc2ad07860, 0x000001fc2ad15720,
0x000001fc2ad138c0, 0x000001fc2ad16140, 0x000001fc2ad133b0, 0x000001fc2ad12ea0,
0x000001fc2ad14d00, 0x000001fc23ddfdf0, 0x000001fc23ddeec0, 0x000001fc21a0c7f0,
0x000001fc20361b50, 0x000001fc20362060, 0x000001fc20362a80, 0x000001fc2035f7e0,
0x000001fc2035f2d0, 0x000001fc2035fcf0, 0x000001fc2ad0d380, 0x000001fc2ad0b010,
0x000001fc2ad0c450, 0x000001fc2ad0c960, 0x000001fc2ad0ce70, 0x000001fc2ad0d890,
0x000001fc2ad0dda0, 0x000001fc2ad0a5f0, 0x000001fc2ad0e2b0, 0x000001fc2ad0e7c0,
0x000001fc2ad0ecd0, 0x000001fc2ad0b520, 0x000001fc2ad11f70, 0x000001fc2ad11040,
0x000001fc2ad10620, 0x000001fc2ad10b30, 0x000001fc2ad12480, 0x000001fc2ad0fc00,
0x000001fc2ad11550, 0x000001fc2ad12990, 0x000001fc2ad0f1e0, 0x000001fc2ad15210,
0x000001fc2ad142e0, 0x000001fc2ad13dd0, 0x000001fc2ad147f0, 0x000001fc2ad15c30,
0x000001fc22e9a000, 0x000001fc22e96d60, 0x000001fc22e97270, 0x000001fc22e9af30,
0x000001fc22e9b440, 0x000001fc22e97c90, 0x000001fc22e9b950, 0x000001fc22e986b0,
0x000001fc22e995e0, 0x000001fc22e981a0, 0x000001fc22e9be60, 0x000001fc22e99af0,
0x000001fc22e990d0, 0x000001fc22e9c370, 0x000001fc22e98bc0, 0x000001fc22e9d2a0,
0x000001fc22e9d7b0, 0x000001fc22e9e6e0, 0x000001fc22e9c880, 0x000001fc22e9dcc0,
0x000001fc22e9cd90, 0x000001fc22e9e1d0, 0x000001fc23de0300, 0x000001fc23de1230,
0x000001fc23de0810, 0x000001fc23de0d20, 0x000001fc23ddf8e0, 0x000001fc23de1740,
0x000001fc23de2670, 0x000001fc23de2b80, 0x000001fc23ddf3d0, 0x000001fc23de5910,
0x000001fc23de35a0, 0x000001fc23de3090, 0x000001fc23de49e0, 0x000001fc23de5e20,
0x000001fc23de6330, 0x000001fc23de3fc0, 0x000001fc23de5400, 0x000001fc23de3ab0,
0x000001fc23de44d0, 0x000001fc23de4ef0, 0x000001fc2cafd1b0, 0x000001fc2caff010,
0x000001fc2cafb860, 0x000001fc2cafe0e0, 0x000001fc2cafe5f0, 0x000001fc2caff520,
0x000001fc2cafc790, 0x000001fc2cb00960, 0x000001fc2cb00e70, 0x000001fc2cb022b0,
0x000001fc2cb027c0, 0x000001fc2cb031e0, 0x000001fc2cb01380, 0x000001fc2cb01da0,
0x000001fc2400e8b0, 0x000001fc2400edc0, 0x000001fc24010710, 0x000001fc2400fcf0,
0x000001fc2400f7e0, 0x000001fc2400f2d0, 0x000001fc24010c20, 0x000001fc2400d470,
0x000001fc24012a80, 0x000001fc240148e0, 0x000001fc24012f90, 0x000001fc240134a0,
0x000001fc240139b0, 0x000001fc24011130, 0x000001fc240143d0, 0x000001fc21a74fa0,
0x000001fc21a76e00, 0x000001fc21a77d30, 0x000001fc21a754b0, 0x000001fc21a74070,
0x000001fc21a79b90, 0x000001fc21a74a90, 0x000001fc21a7aac0, 0x000001fc21a7b4e0,
0x000001fc21a7a0a0, 0x000001fc225d2130, 0x000001fc225d1710, 0x000001fc225cf3a0,
0x000001fc225d1c20, 0x000001fc225d0cf0, 0x000001fc225ce980, 0x000001fc225cee90,
0x000001fc225cf8b0, 0x000001fc225d1200, 0x000001fc225d02d0, 0x000001fc21a09a60,
0x000001fc21a0a480, 0x000001fc21a0e650, 0x000001fc21a0b3b0, 0x000001fc21a0f580,
0x000001fc21a0bdd0, 0x000001fc24014df0, 0x000001fc2e917f00, 0x000001fc2e918410,
0x000001fc2e918920, 0x000001fc2e918e30, 0x000001fc2e916fd0, 0x000001fc2e919340,
0x000001fc2e9174e0, 0x000001fc2e9179f0, 0x000001fc2e915b90, 0x000001fc2e919850,
0x000001fc2e9160a0, 0x000001fc2e919d60, 0x000001fc2e9165b0, 0x000001fc2e91d000,
0x000001fc2e91b6b0, 0x000001fc2e91c0d0, 0x000001fc2e91da20, 0x000001fc2e91d510,
0x000001fc2e91a270, 0x000001fc2e91df30, 0x000001fc2e91a780, 0x000001fc2e91e440,
0x000001fc2e91e950, 0x000001fc2e91caf0, 0x000001fc2e91f370, 0x000001fc2e91c5e0,
0x000001fc2e922100, 0x000001fc2e91b1a0, 0x000001fc2e923a50, 0x000001fc2e923f60,
0x000001fc2e924470, 0x000001fc2e924e90, 0x000001fc2e9216e0, 0x000001fc2e9253a0,
0x000001fc2ad091b0, 0x000001fc2ad10110, 0x000001fc22e9a510, 0x000001fc21a0d210,
0x000001fc24012570, 0x000001fc21a7afd0, 0x000001fc23de1c50, 0x000001fc2e777d20,
0x000001fc2e778230, 0x000001fc2e778c50, 0x000001fc2e7754a0, 0x000001fc2e779160,
0x000001fc2e7768e0, 0x000001fc2e7759b0, 0x000001fc2e779670, 0x000001fc2e77bef0,
0x000001fc2e77c910, 0x000001fc2e77d330, 0x000001fc2e77a090, 0x000001fc2e77afc0,
0x000001fc2e777810, 0x000001fc2e77ce20, 0x000001fc2e77c400, 0x000001fc2e77dd50,
0x000001fc251e9af0, 0x000001fc251ec570, 0x000001fc2e9202a0, 0x000001fc2e920cc0,
0x000001fc2e91ee60, 0x000001fc2e923030, 0x000001fc2e91f880, 0x000001fc2e923540,
0x000001fc2e91fd90, 0x000001fc2e924980, 0x000001fc2e9211d0, 0x000001fc2e77b4d0,
0x000001fc2e782940, 0x000001fc2e77f6a0, 0x000001fc2e77ec80, 0x000001fc2e781f20,
0x000001fc2e782e50, 0x000001fc2e783360
}

Java Threads: ( => current thread )
  0x000001fc5b99e240 JavaThread "main" [_thread_blocked, id=26592, stack(0x000000453ac00000,0x000000453ad00000)]
  0x000001fc7bad8060 JavaThread "Reference Handler" daemon [_thread_blocked, id=2056, stack(0x000000453b300000,0x000000453b400000)]
  0x000001fc7bad8b30 JavaThread "Finalizer" daemon [_thread_blocked, id=5592, stack(0x000000453b400000,0x000000453b500000)]
  0x000001fc7baeed30 JavaThread "Signal Dispatcher" daemon [_thread_blocked, id=26704, stack(0x000000453b500000,0x000000453b600000)]
  0x000001fc7baf1610 JavaThread "Attach Listener" daemon [_thread_blocked, id=26616, stack(0x000000453b600000,0x000000453b700000)]
  0x000001fc7baf1ee0 JavaThread "Service Thread" daemon [_thread_blocked, id=28624, stack(0x000000453b700000,0x000000453b800000)]
  0x000001fc7baf47c0 JavaThread "Monitor Deflation Thread" daemon [_thread_blocked, id=20436, stack(0x000000453b800000,0x000000453b900000)]
  0x000001fc7baf53c0 JavaThread "C2 CompilerThread0" daemon [_thread_in_native, id=17756, stack(0x000000453b900000,0x000000453ba00000)]
  0x000001fc7baf5cd0 JavaThread "C1 CompilerThread0" daemon [_thread_blocked, id=2548, stack(0x000000453ba00000,0x000000453bb00000)]
  0x000001fc7baff020 JavaThread "Sweeper thread" daemon [_thread_in_vm, id=25896, stack(0x000000453bb00000,0x000000453bc00000)]
  0x000001fc1f224e30 JavaThread "Common-Cleaner" daemon [_thread_blocked, id=9964, stack(0x000000453bc00000,0x000000453bd00000)]
  0x000001fc1f2ceeb0 JavaThread "Notification Thread" daemon [_thread_blocked, id=4480, stack(0x000000453bd00000,0x000000453be00000)]
  0x000001fc20fc4b30 JavaThread "Daemon health stats" [_thread_blocked, id=23268, stack(0x000000453c400000,0x000000453c500000)]
  0x000001fc20e065e0 JavaThread "Incoming local TCP Connector on port 49680" [_thread_in_native, id=15544, stack(0x000000453c500000,0x000000453c600000)]
  0x000001fc20bb65a0 JavaThread "Daemon periodic checks" [_thread_blocked, id=3708, stack(0x000000453c600000,0x000000453c700000)]
  0x000001fc20360710 JavaThread "Cache worker for journal cache (C:\Users\glbha\.gradle\caches\journal-1)" [_thread_blocked, id=20668, stack(0x000000453bf00000,0x000000453c000000)]
  0x000001fc20362570 JavaThread "File lock request listener" [_thread_in_native, id=13880, stack(0x000000453ce00000,0x000000453cf00000)]
  0x000001fc20360c20 JavaThread "Cache worker for file hash cache (C:\Users\glbha\.gradle\caches\8.6\fileHashes)" [_thread_blocked, id=26380, stack(0x000000453cf00000,0x000000453d000000)]
  0x000001fc20361130 JavaThread "File watcher server" daemon [_thread_in_native, id=19960, stack(0x000000453d600000,0x000000453d700000)]
  0x000001fc20361640 JavaThread "File watcher consumer" daemon [_thread_blocked, id=10452, stack(0x000000453d700000,0x000000453d800000)]
  0x000001fc21a09f70 JavaThread "Cache worker for file content cache (C:\Users\glbha\.gradle\caches\8.6\fileContent)" [_thread_blocked, id=12320, stack(0x000000453de00000,0x000000453df00000)]
  0x000001fc21a09040 JavaThread "jar transforms" [_thread_blocked, id=2652, stack(0x000000453df00000,0x000000453e000000)]
  0x000001fc21a0cd00 JavaThread "jar transforms Thread 2" [_thread_blocked, id=27484, stack(0x000000453e000000,0x000000453e100000)]
  0x000001fc21a0aea0 JavaThread "jar transforms Thread 3" [_thread_blocked, id=8464, stack(0x000000453e100000,0x000000453e200000)]
  0x000001fc21a0a990 JavaThread "jar transforms Thread 4" [_thread_blocked, id=26744, stack(0x000000453e200000,0x000000453e300000)]
  0x000001fc21a0fa90 JavaThread "jar transforms Thread 5" [_thread_blocked, id=9960, stack(0x000000453e700000,0x000000453e800000)]
  0x000001fc21a0f070 JavaThread "jar transforms Thread 6" [_thread_blocked, id=7464, stack(0x000000453e800000,0x000000453e900000)]
  0x000001fc21a75ed0 JavaThread "jar transforms Thread 7" [_thread_blocked, id=388, stack(0x000000453ec00000,0x000000453ed00000)]
  0x000001fc21a77310 JavaThread "jar transforms Thread 8" [_thread_blocked, id=15520, stack(0x000000453ed00000,0x000000453ee00000)]
  0x000001fc21a74580 JavaThread "jar transforms Thread 9" [_thread_blocked, id=19284, stack(0x000000453ef00000,0x000000453f000000)]
  0x000001fc21a77820 JavaThread "jar transforms Thread 10" [_thread_blocked, id=22064, stack(0x000000453f000000,0x000000453f100000)]
  0x000001fc21a78240 JavaThread "Memory manager" [_thread_blocked, id=18464, stack(0x000000453fc00000,0x000000453fd00000)]
  0x000001fc21a78750 JavaThread "jar transforms Thread 11" [_thread_blocked, id=20504, stack(0x000000453fe00000,0x000000453ff00000)]
  0x000001fc21a78c60 JavaThread "jar transforms Thread 12" [_thread_blocked, id=17108, stack(0x000000453ff00000,0x0000004540000000)]
  0x000001fc2cafd6c0 JavaThread "pool-3-thread-1" [_thread_blocked, id=19112, stack(0x0000004546400000,0x0000004546500000)]
  0x000001fc2ad0a0e0 JavaThread "Monitor" [_thread_in_native, id=14104, stack(0x0000004546300000,0x0000004546400000)]
  0x000001fc2ad096c0 JavaThread "Device List Monitor" [_thread_in_native, id=24332, stack(0x000000453d500000,0x000000453d600000)]
  0x000001fc2ad07350 JavaThread "Daemon Thread 2" [_thread_blocked, id=10296, stack(0x000000453a900000,0x000000453aa00000)]
  0x000001fc2ad07860 JavaThread "Daemon worker Thread 2" [_thread_blocked, id=18156, stack(0x000000453c700000,0x000000453c800000)]
  0x000001fc2ad15720 JavaThread "ForkJoinPool.commonPool-worker-13" daemon [_thread_blocked, id=22352, stack(0x000000453fb00000,0x000000453fc00000)]
  0x000001fc2ad138c0 JavaThread "ForkJoinPool.commonPool-worker-14" daemon [_thread_blocked, id=8616, stack(0x000000453fd00000,0x000000453fe00000)]
  0x000001fc2ad16140 JavaThread "ForkJoinPool.commonPool-worker-15" daemon [_thread_blocked, id=27304, stack(0x0000004540000000,0x0000004540100000)]
  0x000001fc2ad133b0 JavaThread "ForkJoinPool.commonPool-worker-17" daemon [_thread_blocked, id=5352, stack(0x0000004540100000,0x0000004540200000)]
  0x000001fc2ad12ea0 JavaThread "ForkJoinPool.commonPool-worker-16" daemon [_thread_blocked, id=24036, stack(0x0000004540200000,0x0000004540300000)]
  0x000001fc2ad14d00 JavaThread "ForkJoinPool.commonPool-worker-18" daemon [_thread_blocked, id=21676, stack(0x0000004540300000,0x0000004540400000)]
  0x000001fc23ddfdf0 JavaThread "ForkJoinPool.commonPool-worker-19" daemon [_thread_blocked, id=11380, stack(0x0000004540400000,0x0000004540500000)]
  0x000001fc23ddeec0 JavaThread "ForkJoinPool.commonPool-worker-20" daemon [_thread_blocked, id=19044, stack(0x0000004540500000,0x0000004540600000)]
  0x000001fc21a0c7f0 JavaThread "pool-6-thread-1" [_thread_blocked, id=12952, stack(0x0000004547800000,0x0000004547900000)]
  0x000001fc20361b50 JavaThread "Handler for socket connection from /127.0.0.1:49680 to /127.0.0.1:62037" [_thread_in_native, id=10436, stack(0x000000453aa00000,0x000000453ab00000)]
  0x000001fc20362060 JavaThread "Cancel handler" [_thread_blocked, id=24772, stack(0x000000453ab00000,0x000000453ac00000)]
  0x000001fc20362a80 JavaThread "Asynchronous log dispatcher for DefaultDaemonConnection: socket connection from /127.0.0.1:49680 to /127.0.0.1:62037" [_thread_blocked, id=24340, stack(0x000000453c800000,0x000000453c900000)]
  0x000001fc2035f7e0 JavaThread "Stdin handler" [_thread_blocked, id=3552, stack(0x000000453c900000,0x000000453ca00000)]
  0x000001fc2035f2d0 JavaThread "Daemon client event forwarder" [_thread_blocked, id=1488, stack(0x000000453ca00000,0x000000453cb00000)]
  0x000001fc2035fcf0 JavaThread "Cache worker for checksums cache (D:\Projects\Agro_Shield\User_Frontend\android\.gradle\8.6\checksums)" [_thread_blocked, id=25792, stack(0x000000453cb00000,0x000000453cc00000)]
  0x000001fc2ad0d380 JavaThread "Cache worker for file hash cache (D:\Projects\Agro_Shield\User_Frontend\android\.gradle\8.6\fileHashes)" [_thread_blocked, id=10164, stack(0x000000453cc00000,0x000000453cd00000)]
  0x000001fc2ad0b010 JavaThread "Cache worker for cache directory md-supplier (C:\Users\glbha\.gradle\caches\8.6\md-supplier)" [_thread_blocked, id=27732, stack(0x000000453cd00000,0x000000453ce00000)]
  0x000001fc2ad0c450 JavaThread "Cache worker for cache directory md-rule (C:\Users\glbha\.gradle\caches\8.6\md-rule)" [_thread_blocked, id=27352, stack(0x000000453d800000,0x000000453d900000)]
  0x000001fc2ad0c960 JavaThread "Unconstrained build operations" [_thread_blocked, id=19808, stack(0x000000453e300000,0x000000453e400000)]
  0x000001fc2ad0ce70 JavaThread "Unconstrained build operations Thread 2" [_thread_blocked, id=17388, stack(0x000000453e400000,0x000000453e500000)]
  0x000001fc2ad0d890 JavaThread "Cache worker for Build Output Cleanup Cache (D:\Projects\Agro_Shield\User_Frontend\node_modules\@react-native\gradle-plugin\.gradle\buildOutputCleanup)" [_thread_blocked, id=27524, stack(0x000000453e500000,0x000000453e600000)]
  0x000001fc2ad0dda0 JavaThread "Unconstrained build operations Thread 3" [_thread_blocked, id=20724, stack(0x000000453e600000,0x000000453e700000)]
  0x000001fc2ad0a5f0 JavaThread "Unconstrained build operations Thread 4" [_thread_blocked, id=27536, stack(0x000000453e900000,0x000000453ea00000)]
  0x000001fc2ad0e2b0 JavaThread "Unconstrained build operations Thread 5" [_thread_blocked, id=24704, stack(0x000000453ea00000,0x000000453eb00000)]
  0x000001fc2ad0e7c0 JavaThread "Unconstrained build operations Thread 6" [_thread_blocked, id=14200, stack(0x000000453eb00000,0x000000453ec00000)]
  0x000001fc2ad0ecd0 JavaThread "Unconstrained build operations Thread 7" [_thread_blocked, id=10968, stack(0x000000453ee00000,0x000000453ef00000)]
  0x000001fc2ad0b520 JavaThread "Unconstrained build operations Thread 8" [_thread_blocked, id=10784, stack(0x000000453f100000,0x000000453f200000)]
  0x000001fc2ad11f70 JavaThread "Unconstrained build operations Thread 9" [_thread_blocked, id=15944, stack(0x000000453f200000,0x000000453f300000)]
  0x000001fc2ad11040 JavaThread "Unconstrained build operations Thread 10" [_thread_blocked, id=25884, stack(0x000000453f300000,0x000000453f400000)]
  0x000001fc2ad10620 JavaThread "Unconstrained build operations Thread 11" [_thread_blocked, id=24288, stack(0x000000453f400000,0x000000453f500000)]
  0x000001fc2ad10b30 JavaThread "Unconstrained build operations Thread 12" [_thread_blocked, id=22612, stack(0x000000453f500000,0x000000453f600000)]
  0x000001fc2ad12480 JavaThread "Unconstrained build operations Thread 13" [_thread_blocked, id=6492, stack(0x000000453f600000,0x000000453f700000)]
  0x000001fc2ad0fc00 JavaThread "build event listener" [_thread_blocked, id=18040, stack(0x000000453f700000,0x000000453f800000)]
  0x000001fc2ad11550 JavaThread "Cache worker for Build Output Cleanup Cache (D:\Projects\Agro_Shield\User_Frontend\android\.gradle\buildOutputCleanup)" [_thread_blocked, id=25528, stack(0x000000453fa00000,0x000000453fb00000)]
  0x000001fc2ad12990 JavaThread "ForkJoinPool.commonPool-worker-21" daemon [_thread_blocked, id=1800, stack(0x0000004540600000,0x0000004540700000)]
  0x000001fc2ad0f1e0 JavaThread "included builds" [_thread_blocked, id=22684, stack(0x0000004540700000,0x0000004540800000)]
  0x000001fc2ad15210 JavaThread "Execution worker" [_thread_in_Java, id=23452, stack(0x0000004540800000,0x0000004540900000)]
  0x000001fc2ad142e0 JavaThread "Execution worker Thread 2" [_thread_blocked, id=7944, stack(0x0000004540900000,0x0000004540a00000)]
  0x000001fc2ad13dd0 JavaThread "Execution worker Thread 3" [_thread_blocked, id=3500, stack(0x0000004540a00000,0x0000004540b00000)]
  0x000001fc2ad147f0 JavaThread "Execution worker Thread 4" [_thread_in_native, id=7828, stack(0x0000004540b00000,0x0000004540c00000)]
  0x000001fc2ad15c30 JavaThread "Execution worker Thread 5" [_thread_blocked, id=19328, stack(0x0000004540c00000,0x0000004540d00000)]
  0x000001fc22e9a000 JavaThread "Execution worker Thread 6" [_thread_blocked, id=2988, stack(0x0000004540d00000,0x0000004540e00000)]
  0x000001fc22e96d60 JavaThread "Execution worker Thread 7" [_thread_blocked, id=26136, stack(0x0000004540e00000,0x0000004540f00000)]
  0x000001fc22e97270 JavaThread "Execution worker Thread 8" [_thread_blocked, id=22128, stack(0x0000004540f00000,0x0000004541000000)]
  0x000001fc22e9af30 JavaThread "Execution worker Thread 9" [_thread_blocked, id=17864, stack(0x0000004541000000,0x0000004541100000)]
  0x000001fc22e9b440 JavaThread "Execution worker Thread 10" [_thread_blocked, id=21236, stack(0x0000004541100000,0x0000004541200000)]
  0x000001fc22e97c90 JavaThread "Execution worker Thread 11" [_thread_in_native, id=22036, stack(0x0000004541200000,0x0000004541300000)]
  0x000001fc22e9b950 JavaThread "Cache worker for execution history cache (D:\Projects\Agro_Shield\User_Frontend\node_modules\@react-native\gradle-plugin\.gradle\8.6\executionHistory)" [_thread_blocked, id=8288, stack(0x0000004541300000,0x0000004541400000)]
  0x000001fc22e986b0 JavaThread "Unconstrained build operations Thread 14" [_thread_blocked, id=27516, stack(0x0000004541400000,0x0000004541500000)]
  0x000001fc22e995e0 JavaThread "Unconstrained build operations Thread 15" [_thread_blocked, id=14212, stack(0x0000004541500000,0x0000004541600000)]
  0x000001fc22e981a0 JavaThread "Unconstrained build operations Thread 16" [_thread_blocked, id=21056, stack(0x0000004541600000,0x0000004541700000)]
  0x000001fc22e9be60 JavaThread "Unconstrained build operations Thread 17" [_thread_blocked, id=2596, stack(0x0000004541700000,0x0000004541800000)]
  0x000001fc22e99af0 JavaThread "Unconstrained build operations Thread 18" [_thread_blocked, id=25332, stack(0x0000004541800000,0x0000004541900000)]
  0x000001fc22e990d0 JavaThread "Unconstrained build operations Thread 19" [_thread_blocked, id=1408, stack(0x0000004541900000,0x0000004541a00000)]
  0x000001fc22e9c370 JavaThread "Unconstrained build operations Thread 20" [_thread_blocked, id=20408, stack(0x0000004541a00000,0x0000004541b00000)]
  0x000001fc22e98bc0 JavaThread "Unconstrained build operations Thread 21" [_thread_blocked, id=16048, stack(0x0000004541b00000,0x0000004541c00000)]
  0x000001fc22e9d2a0 JavaThread "Unconstrained build operations Thread 22" [_thread_blocked, id=19420, stack(0x0000004541c00000,0x0000004541d00000)]
  0x000001fc22e9d7b0 JavaThread "Unconstrained build operations Thread 23" [_thread_blocked, id=18972, stack(0x0000004541d00000,0x0000004541e00000)]
  0x000001fc22e9e6e0 JavaThread "Unconstrained build operations Thread 24" [_thread_blocked, id=16036, stack(0x0000004541e00000,0x0000004541f00000)]
  0x000001fc22e9c880 JavaThread "Unconstrained build operations Thread 25" [_thread_blocked, id=12336, stack(0x000000453f900000,0x000000453fa00000)]
  0x000001fc22e9dcc0 JavaThread "Unconstrained build operations Thread 26" [_thread_blocked, id=10352, stack(0x0000004541f00000,0x0000004542000000)]
  0x000001fc22e9cd90 JavaThread "Unconstrained build operations Thread 27" [_thread_blocked, id=24188, stack(0x0000004542000000,0x0000004542100000)]
  0x000001fc22e9e1d0 JavaThread "Unconstrained build operations Thread 28" [_thread_blocked, id=20872, stack(0x0000004542100000,0x0000004542200000)]
  0x000001fc23de0300 JavaThread "Unconstrained build operations Thread 29" [_thread_blocked, id=15820, stack(0x0000004542200000,0x0000004542300000)]
  0x000001fc23de1230 JavaThread "Unconstrained build operations Thread 30" [_thread_blocked, id=24088, stack(0x0000004542300000,0x0000004542400000)]
  0x000001fc23de0810 JavaThread "Unconstrained build operations Thread 31" [_thread_blocked, id=12440, stack(0x0000004542400000,0x0000004542500000)]
  0x000001fc23de0d20 JavaThread "Unconstrained build operations Thread 32" [_thread_blocked, id=20732, stack(0x0000004542500000,0x0000004542600000)]
  0x000001fc23ddf8e0 JavaThread "Unconstrained build operations Thread 33" [_thread_blocked, id=17036, stack(0x0000004542600000,0x0000004542700000)]
  0x000001fc23de1740 JavaThread "Unconstrained build operations Thread 34" [_thread_blocked, id=1688, stack(0x0000004542700000,0x0000004542800000)]
  0x000001fc23de2670 JavaThread "Unconstrained build operations Thread 35" [_thread_blocked, id=15032, stack(0x0000004542800000,0x0000004542900000)]
  0x000001fc23de2b80 JavaThread "Unconstrained build operations Thread 36" [_thread_blocked, id=424, stack(0x0000004542900000,0x0000004542a00000)]
  0x000001fc23ddf3d0 JavaThread "Unconstrained build operations Thread 37" [_thread_blocked, id=1784, stack(0x0000004542a00000,0x0000004542b00000)]
  0x000001fc23de5910 JavaThread "build event listener" [_thread_blocked, id=22436, stack(0x0000004542c00000,0x0000004542d00000)]
  0x000001fc23de35a0 JavaThread "Unconstrained build operations Thread 38" [_thread_blocked, id=19340, stack(0x0000004542b00000,0x0000004542c00000)]
  0x000001fc23de3090 JavaThread "Unconstrained build operations Thread 39" [_thread_blocked, id=12028, stack(0x0000004542d00000,0x0000004542e00000)]
  0x000001fc23de49e0 JavaThread "Unconstrained build operations Thread 40" [_thread_blocked, id=9288, stack(0x0000004542e00000,0x0000004542f00000)]
  0x000001fc23de5e20 JavaThread "Unconstrained build operations Thread 41" [_thread_blocked, id=6488, stack(0x0000004542f00000,0x0000004543000000)]
  0x000001fc23de6330 JavaThread "Unconstrained build operations Thread 42" [_thread_blocked, id=27904, stack(0x0000004543000000,0x0000004543100000)]
  0x000001fc23de3fc0 JavaThread "Unconstrained build operations Thread 43" [_thread_blocked, id=20456, stack(0x0000004543100000,0x0000004543200000)]
  0x000001fc23de5400 JavaThread "Unconstrained build operations Thread 44" [_thread_blocked, id=12672, stack(0x0000004543200000,0x0000004543300000)]
  0x000001fc23de3ab0 JavaThread "Unconstrained build operations Thread 45" [_thread_blocked, id=25704, stack(0x0000004543300000,0x0000004543400000)]
  0x000001fc23de44d0 JavaThread "Unconstrained build operations Thread 46" [_thread_blocked, id=16100, stack(0x0000004543400000,0x0000004543500000)]
  0x000001fc23de4ef0 JavaThread "Unconstrained build operations Thread 47" [_thread_blocked, id=19880, stack(0x0000004543500000,0x0000004543600000)]
  0x000001fc2cafd1b0 JavaThread "Unconstrained build operations Thread 48" [_thread_blocked, id=21760, stack(0x0000004543600000,0x0000004543700000)]
  0x000001fc2caff010 JavaThread "Unconstrained build operations Thread 49" [_thread_blocked, id=17764, stack(0x0000004543700000,0x0000004543800000)]
  0x000001fc2cafb860 JavaThread "Unconstrained build operations Thread 50" [_thread_blocked, id=13720, stack(0x0000004543800000,0x0000004543900000)]
  0x000001fc2cafe0e0 JavaThread "Unconstrained build operations Thread 51" [_thread_blocked, id=20476, stack(0x0000004543900000,0x0000004543a00000)]
  0x000001fc2cafe5f0 JavaThread "Unconstrained build operations Thread 52" [_thread_blocked, id=11804, stack(0x0000004543a00000,0x0000004543b00000)]
  0x000001fc2caff520 JavaThread "Unconstrained build operations Thread 53" [_thread_blocked, id=28360, stack(0x0000004543b00000,0x0000004543c00000)]
  0x000001fc2cafc790 JavaThread "Unconstrained build operations Thread 54" [_thread_blocked, id=15720, stack(0x0000004543c00000,0x0000004543d00000)]
  0x000001fc2cb00960 JavaThread "Unconstrained build operations Thread 55" [_thread_blocked, id=23260, stack(0x0000004543d00000,0x0000004543e00000)]
  0x000001fc2cb00e70 JavaThread "Unconstrained build operations Thread 56" [_thread_blocked, id=5568, stack(0x0000004543e00000,0x0000004543f00000)]
  0x000001fc2cb022b0 JavaThread "Unconstrained build operations Thread 57" [_thread_blocked, id=26632, stack(0x0000004543f00000,0x0000004544000000)]
  0x000001fc2cb027c0 JavaThread "Unconstrained build operations Thread 58" [_thread_blocked, id=28200, stack(0x0000004544000000,0x0000004544100000)]
  0x000001fc2cb031e0 JavaThread "Unconstrained build operations Thread 59" [_thread_blocked, id=15328, stack(0x0000004544100000,0x0000004544200000)]
  0x000001fc2cb01380 JavaThread "Unconstrained build operations Thread 60" [_thread_blocked, id=3692, stack(0x0000004544300000,0x0000004544400000)]
  0x000001fc2cb01da0 JavaThread "Unconstrained build operations Thread 61" [_thread_blocked, id=16936, stack(0x0000004544400000,0x0000004544500000)]
  0x000001fc2400e8b0 JavaThread "Unconstrained build operations Thread 62" [_thread_blocked, id=15576, stack(0x0000004544500000,0x0000004544600000)]
  0x000001fc2400edc0 JavaThread "Unconstrained build operations Thread 63" [_thread_blocked, id=3936, stack(0x0000004544600000,0x0000004544700000)]
  0x000001fc24010710 JavaThread "Unconstrained build operations Thread 64" [_thread_blocked, id=18216, stack(0x0000004544700000,0x0000004544800000)]
  0x000001fc2400fcf0 JavaThread "Unconstrained build operations Thread 65" [_thread_blocked, id=4936, stack(0x0000004544800000,0x0000004544900000)]
  0x000001fc2400f7e0 JavaThread "Unconstrained build operations Thread 66" [_thread_blocked, id=12312, stack(0x0000004544900000,0x0000004544a00000)]
  0x000001fc2400f2d0 JavaThread "Unconstrained build operations Thread 67" [_thread_blocked, id=24580, stack(0x0000004544a00000,0x0000004544b00000)]
  0x000001fc24010c20 JavaThread "Unconstrained build operations Thread 68" [_thread_blocked, id=5044, stack(0x0000004544b00000,0x0000004544c00000)]
  0x000001fc2400d470 JavaThread "Unconstrained build operations Thread 69" [_thread_blocked, id=17488, stack(0x0000004544c00000,0x0000004544d00000)]
  0x000001fc24012a80 JavaThread "Unconstrained build operations Thread 70" [_thread_blocked, id=22924, stack(0x0000004544d00000,0x0000004544e00000)]
  0x000001fc240148e0 JavaThread "Unconstrained build operations Thread 71" [_thread_blocked, id=19392, stack(0x0000004544e00000,0x0000004544f00000)]
  0x000001fc24012f90 JavaThread "Unconstrained build operations Thread 72" [_thread_blocked, id=5204, stack(0x0000004544f00000,0x0000004545000000)]
  0x000001fc240134a0 JavaThread "Unconstrained build operations Thread 73" [_thread_blocked, id=22240, stack(0x0000004545000000,0x0000004545100000)]
  0x000001fc240139b0 JavaThread "Unconstrained build operations Thread 74" [_thread_blocked, id=15224, stack(0x0000004545100000,0x0000004545200000)]
  0x000001fc24011130 JavaThread "Unconstrained build operations Thread 75" [_thread_blocked, id=9968, stack(0x0000004545200000,0x0000004545300000)]
  0x000001fc240143d0 JavaThread "Unconstrained build operations Thread 76" [_thread_blocked, id=20596, stack(0x0000004545300000,0x0000004545400000)]
  0x000001fc21a74fa0 JavaThread "Unconstrained build operations Thread 77" [_thread_blocked, id=7240, stack(0x0000004545400000,0x0000004545500000)]
  0x000001fc21a76e00 JavaThread "Unconstrained build operations Thread 78" [_thread_blocked, id=18820, stack(0x0000004545500000,0x0000004545600000)]
  0x000001fc21a77d30 JavaThread "Unconstrained build operations Thread 79" [_thread_blocked, id=3800, stack(0x0000004545600000,0x0000004545700000)]
  0x000001fc21a754b0 JavaThread "Unconstrained build operations Thread 80" [_thread_blocked, id=7364, stack(0x0000004545700000,0x0000004545800000)]
  0x000001fc21a74070 JavaThread "Unconstrained build operations Thread 81" [_thread_blocked, id=4592, stack(0x0000004545800000,0x0000004545900000)]
  0x000001fc21a79b90 JavaThread "Unconstrained build operations Thread 82" [_thread_blocked, id=19700, stack(0x0000004546000000,0x0000004546100000)]
  0x000001fc21a74a90 JavaThread "Unconstrained build operations Thread 83" [_thread_blocked, id=20336, stack(0x0000004546100000,0x0000004546200000)]
  0x000001fc21a7aac0 JavaThread "Unconstrained build operations Thread 84" [_thread_blocked, id=27096, stack(0x0000004546200000,0x0000004546300000)]
  0x000001fc21a7b4e0 JavaThread "Unconstrained build operations Thread 85" [_thread_blocked, id=10244, stack(0x0000004546500000,0x0000004546600000)]
  0x000001fc21a7a0a0 JavaThread "Unconstrained build operations Thread 86" [_thread_blocked, id=19864, stack(0x0000004546600000,0x0000004546700000)]
  0x000001fc225d2130 JavaThread "Unconstrained build operations Thread 87" [_thread_blocked, id=22648, stack(0x0000004546700000,0x0000004546800000)]
  0x000001fc225d1710 JavaThread "Unconstrained build operations Thread 88" [_thread_blocked, id=11284, stack(0x0000004546800000,0x0000004546900000)]
  0x000001fc225cf3a0 JavaThread "Unconstrained build operations Thread 89" [_thread_blocked, id=13132, stack(0x0000004546900000,0x0000004546a00000)]
  0x000001fc225d1c20 JavaThread "Unconstrained build operations Thread 90" [_thread_blocked, id=21084, stack(0x0000004546a00000,0x0000004546b00000)]
  0x000001fc225d0cf0 JavaThread "Unconstrained build operations Thread 91" [_thread_blocked, id=25052, stack(0x0000004546b00000,0x0000004546c00000)]
  0x000001fc225ce980 JavaThread "Unconstrained build operations Thread 92" [_thread_blocked, id=20824, stack(0x0000004546c00000,0x0000004546d00000)]
  0x000001fc225cee90 JavaThread "Unconstrained build operations Thread 93" [_thread_blocked, id=2812, stack(0x0000004546d00000,0x0000004546e00000)]
  0x000001fc225cf8b0 JavaThread "Unconstrained build operations Thread 94" [_thread_blocked, id=3372, stack(0x0000004546e00000,0x0000004546f00000)]
  0x000001fc225d1200 JavaThread "Unconstrained build operations Thread 95" [_thread_blocked, id=9840, stack(0x0000004546f00000,0x0000004547000000)]
  0x000001fc225d02d0 JavaThread "Unconstrained build operations Thread 96" [_thread_blocked, id=13192, stack(0x0000004547000000,0x0000004547100000)]
  0x000001fc21a09a60 JavaThread "Unconstrained build operations Thread 97" [_thread_blocked, id=3020, stack(0x0000004547100000,0x0000004547200000)]
  0x000001fc21a0a480 JavaThread "Unconstrained build operations Thread 98" [_thread_blocked, id=21916, stack(0x0000004547200000,0x0000004547300000)]
  0x000001fc21a0e650 JavaThread "Unconstrained build operations Thread 99" [_thread_blocked, id=13492, stack(0x0000004547300000,0x0000004547400000)]
  0x000001fc21a0b3b0 JavaThread "Unconstrained build operations Thread 100" [_thread_blocked, id=19412, stack(0x0000004547400000,0x0000004547500000)]
  0x000001fc21a0f580 JavaThread "Unconstrained build operations Thread 101" [_thread_blocked, id=20172, stack(0x0000004547500000,0x0000004547600000)]
  0x000001fc21a0bdd0 JavaThread "Unconstrained build operations Thread 102" [_thread_blocked, id=26508, stack(0x0000004547600000,0x0000004547700000)]
  0x000001fc24014df0 JavaThread "Unconstrained build operations Thread 103" [_thread_blocked, id=15928, stack(0x0000004547700000,0x0000004547800000)]
  0x000001fc2e917f00 JavaThread "pool-9-thread-1" [_thread_blocked, id=17040, stack(0x0000004547c00000,0x0000004547d00000)]
  0x000001fc2e918410 JavaThread "build event listener" [_thread_blocked, id=11480, stack(0x0000004547d00000,0x0000004547e00000)]
  0x000001fc2e918920 JavaThread "Unconstrained build operations Thread 104" [_thread_blocked, id=25536, stack(0x0000004547e00000,0x0000004547f00000)]
  0x000001fc2e918e30 JavaThread "Unconstrained build operations Thread 105" [_thread_blocked, id=15724, stack(0x0000004547f00000,0x0000004548000000)]
  0x000001fc2e916fd0 JavaThread "Unconstrained build operations Thread 106" [_thread_blocked, id=1284, stack(0x0000004548000000,0x0000004548100000)]
  0x000001fc2e919340 JavaThread "Unconstrained build operations Thread 107" [_thread_blocked, id=6112, stack(0x0000004548100000,0x0000004548200000)]
  0x000001fc2e9174e0 JavaThread "Unconstrained build operations Thread 108" [_thread_blocked, id=14864, stack(0x0000004548200000,0x0000004548300000)]
  0x000001fc2e9179f0 JavaThread "Unconstrained build operations Thread 109" [_thread_blocked, id=15832, stack(0x0000004548300000,0x0000004548400000)]
  0x000001fc2e915b90 JavaThread "Unconstrained build operations Thread 110" [_thread_blocked, id=22216, stack(0x0000004548400000,0x0000004548500000)]
  0x000001fc2e919850 JavaThread "Unconstrained build operations Thread 111" [_thread_blocked, id=1744, stack(0x0000004548500000,0x0000004548600000)]
  0x000001fc2e9160a0 JavaThread "Unconstrained build operations Thread 112" [_thread_blocked, id=19344, stack(0x0000004548600000,0x0000004548700000)]
  0x000001fc2e919d60 JavaThread "Unconstrained build operations Thread 113" [_thread_blocked, id=16196, stack(0x0000004548700000,0x0000004548800000)]
  0x000001fc2e9165b0 JavaThread "Unconstrained build operations Thread 114" [_thread_blocked, id=17328, stack(0x0000004548800000,0x0000004548900000)]
  0x000001fc2e91d000 JavaThread "Unconstrained build operations Thread 115" [_thread_blocked, id=14556, stack(0x0000004548900000,0x0000004548a00000)]
  0x000001fc2e91b6b0 JavaThread "Unconstrained build operations Thread 116" [_thread_blocked, id=10544, stack(0x0000004548a00000,0x0000004548b00000)]
  0x000001fc2e91c0d0 JavaThread "Unconstrained build operations Thread 117" [_thread_blocked, id=2564, stack(0x0000004548b00000,0x0000004548c00000)]
  0x000001fc2e91da20 JavaThread "Unconstrained build operations Thread 118" [_thread_blocked, id=3804, stack(0x0000004548c00000,0x0000004548d00000)]
  0x000001fc2e91d510 JavaThread "Unconstrained build operations Thread 119" [_thread_blocked, id=25948, stack(0x0000004548d00000,0x0000004548e00000)]
  0x000001fc2e91a270 JavaThread "Unconstrained build operations Thread 120" [_thread_blocked, id=17600, stack(0x0000004548e00000,0x0000004548f00000)]
  0x000001fc2e91df30 JavaThread "Cache worker for execution history cache (D:\Projects\Agro_Shield\User_Frontend\android\.gradle\8.6\executionHistory)" [_thread_blocked, id=2600, stack(0x0000004548f00000,0x0000004549000000)]
  0x000001fc2e91a780 JavaThread "WorkerExecutor Queue" [_thread_blocked, id=9392, stack(0x0000004549000000,0x0000004549100000)]
  0x000001fc2e91e440 JavaThread "WorkerExecutor Queue Thread 2" [_thread_blocked, id=10480, stack(0x0000004549100000,0x0000004549200000)]
  0x000001fc2e91e950 JavaThread "WorkerExecutor Queue Thread 4" [_thread_in_native, id=9088, stack(0x0000004549300000,0x0000004549400000)]
  0x000001fc2e91caf0 JavaThread "WorkerExecutor Queue Thread 7" [_thread_in_native, id=24496, stack(0x0000004549600000,0x0000004549700000)]
  0x000001fc2e91f370 JavaThread "WorkerExecutor Queue Thread 8" [_thread_blocked, id=9816, stack(0x0000004549700000,0x0000004549800000)]
  0x000001fc2e91c5e0 JavaThread "WorkerExecutor Queue Thread 11" [_thread_blocked, id=25952, stack(0x000000453f800000,0x000000453f900000)]
  0x000001fc2e922100 JavaThread "WorkerExecutor Queue Thread 13" [_thread_blocked, id=11908, stack(0x0000004549d00000,0x0000004549e00000)]
  0x000001fc2e91b1a0 JavaThread "Cache worker for Java compile cache (C:\Users\glbha\.gradle\caches\8.6\javaCompile)" [_thread_blocked, id=23596, stack(0x0000004549400000,0x0000004549500000)]
  0x000001fc2e923a50 JavaThread "Build operations" [_thread_blocked, id=12420, stack(0x0000004549b00000,0x0000004549c00000)]
  0x000001fc2e923f60 JavaThread "Build operations Thread 2" [_thread_blocked, id=26892, stack(0x0000004549c00000,0x0000004549d00000)]
  0x000001fc2e924470 JavaThread "Build operations Thread 3" [_thread_blocked, id=18008, stack(0x0000004549e00000,0x0000004549f00000)]
  0x000001fc2e924e90 JavaThread "Build operations Thread 4" [_thread_blocked, id=13888, stack(0x0000004549f00000,0x000000454a000000)]
  0x000001fc2e9216e0 JavaThread "Build operations Thread 5" [_thread_blocked, id=4656, stack(0x000000454a000000,0x000000454a100000)]
  0x000001fc2e9253a0 JavaThread "Build operations Thread 6" [_thread_blocked, id=27768, stack(0x000000454a100000,0x000000454a200000)]
  0x000001fc2ad091b0 JavaThread "Build operations Thread 7" [_thread_blocked, id=15112, stack(0x000000454a200000,0x000000454a300000)]
  0x000001fc2ad10110 JavaThread "Build operations Thread 8" [_thread_blocked, id=26976, stack(0x000000454a300000,0x000000454a400000)]
  0x000001fc22e9a510 JavaThread "Build operations Thread 9" [_thread_blocked, id=14140, stack(0x000000454a400000,0x000000454a500000)]
  0x000001fc21a0d210 JavaThread "Build operations Thread 10" [_thread_blocked, id=21036, stack(0x000000454a500000,0x000000454a600000)]
  0x000001fc24012570 JavaThread "Build operations Thread 11" [_thread_blocked, id=20484, stack(0x000000454a600000,0x000000454a700000)]
  0x000001fc21a7afd0 JavaThread "pool-10-thread-1" [_thread_blocked, id=7616, stack(0x000000454aa00000,0x000000454ab00000)]
  0x000001fc23de1c50 JavaThread "stderr" [_thread_in_native, id=22344, stack(0x000000454a700000,0x000000454a800000)]
  0x000001fc2e777d20 JavaThread "stdout" [_thread_in_native, id=19932, stack(0x000000454ab00000,0x000000454ac00000)]
  0x000001fc2e778230 JavaThread "RMI Scheduler(0)" daemon [_thread_blocked, id=18800, stack(0x000000454ac00000,0x000000454ad00000)]
  0x000001fc2e778c50 JavaThread "RMI GC Daemon" daemon [_thread_blocked, id=9112, stack(0x000000454ae00000,0x000000454af00000)]
  0x000001fc2e7754a0 JavaThread "RMI TCP Accept-0" daemon [_thread_in_native, id=24872, stack(0x0000004549a00000,0x0000004549b00000)]
  0x000001fc2e779160 JavaThread "RMI Reaper" [_thread_blocked, id=28104, stack(0x000000454af00000,0x000000454b000000)]
  0x000001fc2e7768e0 JavaThread "RMI TCP Connection(idle)" daemon [_thread_blocked, id=21656, stack(0x000000454b000000,0x000000454b100000)]
  0x000001fc2e7759b0 JavaThread "Build operations Thread 12" [_thread_blocked, id=1560, stack(0x000000454b100000,0x000000454b200000)]
  0x000001fc2e779670 JavaThread "WorkerExecutor Queue Thread 14" [_thread_blocked, id=5452, stack(0x000000454b200000,0x000000454b300000)]
  0x000001fc2e77bef0 JavaThread "RMI RenewClean-[127.0.0.1:17818,org.jetbrains.kotlin.daemon.common.LoopbackNetworkInterface$ClientLoopbackSocketFactory@5d5973ab]" daemon [_thread_blocked, id=20064, stack(0x000000454b500000,0x000000454b600000)]
  0x000001fc2e77c910 JavaThread "RMI TCP Connection(idle)" daemon [_thread_blocked, id=18644, stack(0x000000454b600000,0x000000454b700000)]
  0x000001fc2e77d330 JavaThread "RMI RenewClean-[127.0.0.1:17818,org.jetbrains.kotlin.daemon.common.LoopbackNetworkInterface$ClientLoopbackSocketFactory@1dd04e36]" daemon [_thread_blocked, id=23280, stack(0x000000454b700000,0x000000454b800000)]
  0x000001fc2e77a090 JavaThread "RMI TCP Connection(6)-127.0.0.1" daemon [_thread_in_native, id=13080, stack(0x000000454b800000,0x000000454b900000)]
  0x000001fc2e77afc0 JavaThread "RMI RenewClean-[127.0.0.1:17818,org.jetbrains.kotlin.daemon.common.LoopbackNetworkInterface$ClientLoopbackSocketFactory@6e4cb7ce]" daemon [_thread_blocked, id=14428, stack(0x000000454b900000,0x000000454ba00000)]
  0x000001fc2e777810 JavaThread "RMI TCP Connection(idle)" daemon [_thread_blocked, id=22572, stack(0x000000454ba00000,0x000000454bb00000)]
  0x000001fc2e77ce20 JavaThread "WorkerExecutor Queue Thread 15" [_thread_blocked, id=15004, stack(0x000000454bb00000,0x000000454bc00000)]
  0x000001fc2e77c400 JavaThread "WorkerExecutor Queue Thread 16" [_thread_blocked, id=28248, stack(0x0000004549800000,0x0000004549900000)]
  0x000001fc2e77dd50 JavaThread "WorkerExecutor Queue Thread 17" [_thread_blocked, id=21608, stack(0x0000004549900000,0x0000004549a00000)]
  0x000001fc251e9af0 JavaThread "C2 CompilerThread1" daemon [_thread_in_native, id=28584, stack(0x0000004549500000,0x0000004549600000)]
=>0x000001fc251ec570 JavaThread "C2 CompilerThread2" daemon [_thread_in_native, id=25136, stack(0x000000453db00000,0x000000453dc00000)]
  0x000001fc2e9202a0 JavaThread "ForkJoinPool-1-worker-1" daemon [_thread_blocked, id=11268, stack(0x000000453dc00000,0x000000453dd00000)]
  0x000001fc2e920cc0 JavaThread "ForkJoinPool-1-worker-2" daemon [_thread_blocked, id=27380, stack(0x000000453dd00000,0x000000453de00000)]
  0x000001fc2e91ee60 JavaThread "ForkJoinPool-1-worker-3" daemon [_thread_blocked, id=1148, stack(0x000000454b300000,0x000000454b400000)]
  0x000001fc2e923030 JavaThread "ForkJoinPool-1-worker-4" daemon [_thread_blocked, id=8604, stack(0x000000454b400000,0x000000454b500000)]
  0x000001fc2e91f880 JavaThread "ForkJoinPool-1-worker-5" daemon [_thread_blocked, id=2480, stack(0x000000454bc00000,0x000000454bd00000)]
  0x000001fc2e923540 JavaThread "ForkJoinPool-1-worker-6" daemon [_thread_blocked, id=4092, stack(0x000000454bd00000,0x000000454be00000)]
  0x000001fc2e91fd90 JavaThread "ForkJoinPool-1-worker-7" daemon [_thread_in_Java, id=26856, stack(0x000000454be00000,0x000000454bf00000)]
  0x000001fc2e924980 JavaThread "ForkJoinPool-1-worker-8" daemon [_thread_blocked, id=27444, stack(0x000000454bf00000,0x000000454c000000)]
  0x000001fc2e9211d0 JavaThread "ForkJoinPool-1-worker-9" daemon [_thread_blocked, id=10036, stack(0x000000454c000000,0x000000454c100000)]
  0x000001fc2e77b4d0 JavaThread "ForkJoinPool-1-worker-10" daemon [_thread_blocked, id=13392, stack(0x000000454c100000,0x000000454c200000)]
  0x000001fc2e782940 JavaThread "ForkJoinPool-1-worker-11" daemon [_thread_in_Java, id=6820, stack(0x000000454c200000,0x000000454c300000)]
  0x000001fc2e77f6a0 JavaThread "ForkJoinPool-1-worker-12" daemon [_thread_blocked, id=24652, stack(0x000000454c300000,0x000000454c400000)]
  0x000001fc2e77ec80 JavaThread "WorkerExecutor Queue Thread 18" [_thread_blocked, id=25796, stack(0x0000004547b00000,0x0000004547c00000)]
  0x000001fc2e781f20 JavaThread "Exec process Thread 7" [_thread_in_native, id=25980, stack(0x0000004547a00000,0x0000004547b00000)]
  0x000001fc2e782e50 JavaThread "Exec process Thread 8" [_thread_in_native, id=12620, stack(0x0000004549200000,0x0000004549300000)]
  0x000001fc2e783360 JavaThread "Exec process Thread 9" [_thread_in_native, id=9908, stack(0x000000454ad00000,0x000000454ae00000)]

Other Threads:
  0x000001fc7bad6a20 VMThread "VM Thread" [stack: 0x000000453b200000,0x000000453b300000] [id=25104]
  0x000001fc5ba19a60 WatcherThread [stack: 0x000000453be00000,0x000000453bf00000] [id=6944]
  0x000001fc5b9fc070 GCTaskThread "GC Thread#0" [stack: 0x000000453ad00000,0x000000453ae00000] [id=19160]
  0x000001fc202d5ac0 GCTaskThread "GC Thread#1" [stack: 0x000000453c000000,0x000000453c100000] [id=2524]
  0x000001fc1fe9d230 GCTaskThread "GC Thread#2" [stack: 0x000000453c100000,0x000000453c200000] [id=20460]
  0x000001fc1fdb8f60 GCTaskThread "GC Thread#3" [stack: 0x000000453c200000,0x000000453c300000] [id=21776]
  0x000001fc2001ce20 GCTaskThread "GC Thread#4" [stack: 0x000000453c300000,0x000000453c400000] [id=23228]
  0x000001fc20ef9680 GCTaskThread "GC Thread#5" [stack: 0x000000453d000000,0x000000453d100000] [id=24072]
  0x000001fc20ef93c0 GCTaskThread "GC Thread#6" [stack: 0x000000453d100000,0x000000453d200000] [id=14108]
  0x000001fc20ef8b80 GCTaskThread "GC Thread#7" [stack: 0x000000453d200000,0x000000453d300000] [id=10668]
  0x000001fc20ef9940 GCTaskThread "GC Thread#8" [stack: 0x000000453d300000,0x000000453d400000] [id=28636]
  0x000001fc20ef8e40 GCTaskThread "GC Thread#9" [stack: 0x000000453d400000,0x000000453d500000] [id=12480]
  0x000001fc5ba0ced0 ConcurrentGCThread "G1 Main Marker" [stack: 0x000000453ae00000,0x000000453af00000] [id=21616]
  0x000001fc5ba0d7f0 ConcurrentGCThread "G1 Conc#0" [stack: 0x000000453af00000,0x000000453b000000] [id=14648]
  0x000001fc20ef8340 ConcurrentGCThread "G1 Conc#1" [stack: 0x000000453d900000,0x000000453da00000] [id=23964]
  0x000001fc20ef8600 ConcurrentGCThread "G1 Conc#2" [stack: 0x000000453da00000,0x000000453db00000] [id=16272]
  0x000001fc5ba5d4c0 ConcurrentGCThread "G1 Refine#0" [stack: 0x000000453b000000,0x000000453b100000] [id=12808]
  0x000001fc22c440b0 ConcurrentGCThread "G1 Refine#1" [stack: 0x0000004545900000,0x0000004545a00000] [id=11668]
  0x000001fc22c44980 ConcurrentGCThread "G1 Refine#2" [stack: 0x0000004545a00000,0x0000004545b00000] [id=5084]
  0x000001fc2a4a0c90 ConcurrentGCThread "G1 Refine#3" [stack: 0x0000004544200000,0x0000004544300000] [id=21208]
  0x000001fc2a4a0f80 ConcurrentGCThread "G1 Refine#4" [stack: 0x0000004545b00000,0x0000004545c00000] [id=7308]
  0x000001fc2a4a1b40 ConcurrentGCThread "G1 Refine#5" [stack: 0x0000004545c00000,0x0000004545d00000] [id=11088]
  0x000001fc2a4a38a0 ConcurrentGCThread "G1 Refine#6" [stack: 0x0000004545d00000,0x0000004545e00000] [id=27188]
  0x000001fc2a4a2fd0 ConcurrentGCThread "G1 Refine#7" [stack: 0x0000004545e00000,0x0000004545f00000] [id=3356]
  0x000001fc2a4a1850 ConcurrentGCThread "G1 Refine#8" [stack: 0x0000004545f00000,0x0000004546000000] [id=21252]
  0x000001fc2a4a3e80 ConcurrentGCThread "G1 Refine#9" [stack: 0x0000004547900000,0x0000004547a00000] [id=24756]
  0x000001fc5ba5ecb0 ConcurrentGCThread "G1 Service" [stack: 0x000000453b100000,0x000000453b200000] [id=19352]

Threads with active compile tasks:
C2 CompilerThread0  2826869 41413       4       com.android.tools.r8.internal.ys::a (858 bytes)
C2 CompilerThread1  2826869 41518       4       com.android.tools.r8.internal.QR::a (109 bytes)
C2 CompilerThread2  2826869 41448 %     4       com.android.tools.r8.internal.cM::a @ 291 (495 bytes)

VM state: not at safepoint (normal execution)

VM Mutex/Monitor currently owned by a thread: None

Heap address: 0x0000000080000000, size: 2048 MB, Compressed Oops mode: 32-bit

CDS archive(s) mapped at: [0x000001fc00000000-0x000001fc00bd0000-0x000001fc00bd0000), size 12386304, SharedBaseAddress: 0x000001fc00000000, ArchiveRelocationMode: 1.
Compressed class space mapped at: 0x000001fc01000000-0x000001fc1b000000, reserved size: 436207616
Narrow klass base: 0x000001fc00000000, Narrow klass shift: 0, Narrow klass range: 0x100000000

GC Precious Log:
 CPUs: 12 total, 12 available
 Memory: 7835M
 Large Page Support: Disabled
 NUMA Support: Disabled
 Compressed Oops: Enabled (32-bit)
 Heap Region Size: 1M
 Heap Min Capacity: 8M
 Heap Initial Capacity: 124M
 Heap Max Capacity: 2G
 Pre-touch: Disabled
 Parallel Workers: 10
 Concurrent Workers: 3
 Concurrent Refinement Workers: 10
 Periodic GC: Disabled

Heap:
 garbage-first heap   total 979968K, used 763881K [0x0000000080000000, 0x0000000100000000)
  region size 1024K, 226 young (231424K), 6 survivors (6144K)
 Metaspace       used 176866K, committed 179200K, reserved 622592K
  class space    used 23337K, committed 24512K, reserved 425984K

Heap Regions: E=young(eden), S=young(survivor), O=old, HS=humongous(starts), HC=humongous(continues), CS=collection set, F=free, OA=open archive, CA=closed archive, TAMS=top-at-mark-start (previous, next)
|   0|0x0000000080000000, 0x0000000080100000, 0x0000000080100000|100%|HS|  |TAMS 0x0000000080100000, 0x0000000080000000| Complete 
|   1|0x0000000080100000, 0x0000000080200000, 0x0000000080200000|100%|HC|  |TAMS 0x0000000080200000, 0x0000000080100000| Complete 
|   2|0x0000000080200000, 0x0000000080300000, 0x0000000080300000|100%|HC|  |TAMS 0x0000000080300000, 0x0000000080200000| Complete 
|   3|0x0000000080300000, 0x0000000080400000, 0x0000000080400000|100%|HC|  |TAMS 0x0000000080400000, 0x0000000080300000| Complete 
|   4|0x0000000080400000, 0x0000000080500000, 0x0000000080500000|100%| O|  |TAMS 0x0000000080500000, 0x0000000080400000| Untracked 
|   5|0x0000000080500000, 0x0000000080600000, 0x0000000080600000|100%| O|  |TAMS 0x0000000080600000, 0x0000000080500000| Untracked 
|   6|0x0000000080600000, 0x0000000080700000, 0x0000000080700000|100%| O|  |TAMS 0x0000000080700000, 0x0000000080600000| Untracked 
|   7|0x0000000080700000, 0x0000000080800000, 0x0000000080800000|100%| O|  |TAMS 0x0000000080800000, 0x0000000080700000| Untracked 
|   8|0x0000000080800000, 0x0000000080900000, 0x0000000080900000|100%| O|  |TAMS 0x0000000080900000, 0x0000000080800000| Untracked 
|   9|0x0000000080900000, 0x0000000080a00000, 0x0000000080a00000|100%| O|  |TAMS 0x0000000080a00000, 0x0000000080900000| Untracked 
|  10|0x0000000080a00000, 0x0000000080b00000, 0x0000000080b00000|100%| O|  |TAMS 0x0000000080b00000, 0x0000000080a00000| Untracked 
|  11|0x0000000080b00000, 0x0000000080c00000, 0x0000000080c00000|100%| O|  |TAMS 0x0000000080c00000, 0x0000000080b00000| Untracked 
|  12|0x0000000080c00000, 0x0000000080d00000, 0x0000000080d00000|100%| O|  |TAMS 0x0000000080d00000, 0x0000000080c00000| Untracked 
|  13|0x0000000080d00000, 0x0000000080e00000, 0x0000000080e00000|100%| O|  |TAMS 0x0000000080e00000, 0x0000000080d00000| Untracked 
|  14|0x0000000080e00000, 0x0000000080f00000, 0x0000000080f00000|100%| O|  |TAMS 0x0000000080f00000, 0x0000000080e00000| Untracked 
|  15|0x0000000080f00000, 0x0000000081000000, 0x0000000081000000|100%| O|  |TAMS 0x0000000081000000, 0x0000000080f00000| Untracked 
|  16|0x0000000081000000, 0x0000000081100000, 0x0000000081100000|100%| O|  |TAMS 0x0000000081100000, 0x0000000081000000| Untracked 
|  17|0x0000000081100000, 0x0000000081200000, 0x0000000081200000|100%| O|  |TAMS 0x0000000081200000, 0x0000000081100000| Untracked 
|  18|0x0000000081200000, 0x0000000081300000, 0x0000000081300000|100%| O|  |TAMS 0x0000000081300000, 0x0000000081200000| Untracked 
|  19|0x0000000081300000, 0x00000000813f1e00, 0x0000000081400000| 94%| O|  |TAMS 0x00000000813f1e00, 0x0000000081300000| Untracked 
|  20|0x0000000081400000, 0x0000000081500000, 0x0000000081500000|100%| O|  |TAMS 0x0000000081500000, 0x0000000081400000| Untracked 
|  21|0x0000000081500000, 0x0000000081600000, 0x0000000081600000|100%| O|  |TAMS 0x0000000081600000, 0x0000000081500000| Untracked 
|  22|0x0000000081600000, 0x0000000081700000, 0x0000000081700000|100%| O|  |TAMS 0x0000000081700000, 0x0000000081600000| Untracked 
|  23|0x0000000081700000, 0x0000000081800000, 0x0000000081800000|100%| O|  |TAMS 0x0000000081800000, 0x0000000081700000| Untracked 
|  24|0x0000000081800000, 0x0000000081900000, 0x0000000081900000|100%| O|  |TAMS 0x0000000081900000, 0x0000000081800000| Untracked 
|  25|0x0000000081900000, 0x0000000081a00000, 0x0000000081a00000|100%| O|  |TAMS 0x0000000081a00000, 0x0000000081900000| Untracked 
|  26|0x0000000081a00000, 0x0000000081b00000, 0x0000000081b00000|100%| O|  |TAMS 0x0000000081b00000, 0x0000000081a00000| Untracked 
|  27|0x0000000081b00000, 0x0000000081c00000, 0x0000000081c00000|100%| O|  |TAMS 0x0000000081c00000, 0x0000000081b00000| Untracked 
|  28|0x0000000081c00000, 0x0000000081d00000, 0x0000000081d00000|100%| O|  |TAMS 0x0000000081d00000, 0x0000000081c00000| Untracked 
|  29|0x0000000081d00000, 0x0000000081e00000, 0x0000000081e00000|100%| O|  |TAMS 0x0000000081e00000, 0x0000000081d00000| Untracked 
|  30|0x0000000081e00000, 0x0000000081f00000, 0x0000000081f00000|100%| O|  |TAMS 0x0000000081f00000, 0x0000000081e00000| Untracked 
|  31|0x0000000081f00000, 0x0000000082000000, 0x0000000082000000|100%| O|  |TAMS 0x0000000082000000, 0x0000000081f00000| Untracked 
|  32|0x0000000082000000, 0x0000000082100000, 0x0000000082100000|100%| O|  |TAMS 0x0000000082100000, 0x0000000082000000| Untracked 
|  33|0x0000000082100000, 0x0000000082200000, 0x0000000082200000|100%| O|  |TAMS 0x0000000082200000, 0x0000000082100000| Untracked 
|  34|0x0000000082200000, 0x0000000082300000, 0x0000000082300000|100%| O|  |TAMS 0x0000000082300000, 0x0000000082200000| Untracked 
|  35|0x0000000082300000, 0x0000000082400000, 0x0000000082400000|100%| O|  |TAMS 0x0000000082400000, 0x0000000082300000| Untracked 
|  36|0x0000000082400000, 0x0000000082500000, 0x0000000082500000|100%| O|  |TAMS 0x0000000082500000, 0x0000000082400000| Untracked 
|  37|0x0000000082500000, 0x0000000082600000, 0x0000000082600000|100%| O|  |TAMS 0x0000000082600000, 0x0000000082500000| Untracked 
|  38|0x0000000082600000, 0x0000000082700000, 0x0000000082700000|100%| O|  |TAMS 0x0000000082700000, 0x0000000082600000| Untracked 
|  39|0x0000000082700000, 0x0000000082800000, 0x0000000082800000|100%| O|  |TAMS 0x0000000082800000, 0x0000000082700000| Untracked 
|  40|0x0000000082800000, 0x0000000082900000, 0x0000000082900000|100%| O|  |TAMS 0x0000000082900000, 0x0000000082800000| Untracked 
|  41|0x0000000082900000, 0x0000000082a00000, 0x0000000082a00000|100%| O|  |TAMS 0x0000000082a00000, 0x0000000082900000| Untracked 
|  42|0x0000000082a00000, 0x0000000082b00000, 0x0000000082b00000|100%| O|  |TAMS 0x0000000082b00000, 0x0000000082a00000| Untracked 
|  43|0x0000000082b00000, 0x0000000082c00000, 0x0000000082c00000|100%|HS|  |TAMS 0x0000000082c00000, 0x0000000082b00000| Complete 
|  44|0x0000000082c00000, 0x0000000082d00000, 0x0000000082d00000|100%|HC|  |TAMS 0x0000000082d00000, 0x0000000082c00000| Complete 
|  45|0x0000000082d00000, 0x0000000082e00000, 0x0000000082e00000|100%|HS|  |TAMS 0x0000000082e00000, 0x0000000082d00000| Complete 
|  46|0x0000000082e00000, 0x0000000082f00000, 0x0000000082f00000|100%| O|  |TAMS 0x0000000082f00000, 0x0000000082e00000| Untracked 
|  47|0x0000000082f00000, 0x0000000083000000, 0x0000000083000000|100%| O|  |TAMS 0x0000000083000000, 0x0000000082f00000| Untracked 
|  48|0x0000000083000000, 0x0000000083100000, 0x0000000083100000|100%| O|  |TAMS 0x0000000083100000, 0x0000000083000000| Untracked 
|  49|0x0000000083100000, 0x0000000083200000, 0x0000000083200000|100%|HS|  |TAMS 0x0000000083200000, 0x0000000083100000| Complete 
|  50|0x0000000083200000, 0x0000000083300000, 0x0000000083300000|100%|HC|  |TAMS 0x0000000083300000, 0x0000000083200000| Complete 
|  51|0x0000000083300000, 0x0000000083400000, 0x0000000083400000|100%|HS|  |TAMS 0x0000000083400000, 0x0000000083300000| Complete 
|  52|0x0000000083400000, 0x0000000083500000, 0x0000000083500000|100%|HC|  |TAMS 0x0000000083500000, 0x0000000083400000| Complete 
|  53|0x0000000083500000, 0x0000000083600000, 0x0000000083600000|100%|HC|  |TAMS 0x0000000083600000, 0x0000000083500000| Complete 
|  54|0x0000000083600000, 0x0000000083700000, 0x0000000083700000|100%|HC|  |TAMS 0x0000000083700000, 0x0000000083600000| Complete 
|  55|0x0000000083700000, 0x0000000083800000, 0x0000000083800000|100%|HS|  |TAMS 0x0000000083800000, 0x0000000083700000| Complete 
|  56|0x0000000083800000, 0x0000000083900000, 0x0000000083900000|100%|HC|  |TAMS 0x0000000083900000, 0x0000000083800000| Complete 
|  57|0x0000000083900000, 0x0000000083a00000, 0x0000000083a00000|100%|HC|  |TAMS 0x0000000083a00000, 0x0000000083900000| Complete 
|  58|0x0000000083a00000, 0x0000000083b00000, 0x0000000083b00000|100%|HC|  |TAMS 0x0000000083b00000, 0x0000000083a00000| Complete 
|  59|0x0000000083b00000, 0x0000000083c00000, 0x0000000083c00000|100%| O|  |TAMS 0x0000000083c00000, 0x0000000083b00000| Untracked 
|  60|0x0000000083c00000, 0x0000000083d00000, 0x0000000083d00000|100%| O|  |TAMS 0x0000000083d00000, 0x0000000083c00000| Untracked 
|  61|0x0000000083d00000, 0x0000000083e00000, 0x0000000083e00000|100%| O|  |TAMS 0x0000000083e00000, 0x0000000083d00000| Untracked 
|  62|0x0000000083e00000, 0x0000000083f00000, 0x0000000083f00000|100%| O|  |TAMS 0x0000000083f00000, 0x0000000083e00000| Untracked 
|  63|0x0000000083f00000, 0x0000000084000000, 0x0000000084000000|100%| O|  |TAMS 0x0000000084000000, 0x0000000083f00000| Untracked 
|  64|0x0000000084000000, 0x0000000084100000, 0x0000000084100000|100%| O|  |TAMS 0x0000000084100000, 0x0000000084000000| Untracked 
|  65|0x0000000084100000, 0x0000000084200000, 0x0000000084200000|100%| O|  |TAMS 0x0000000084200000, 0x0000000084100000| Untracked 
|  66|0x0000000084200000, 0x0000000084300000, 0x0000000084300000|100%| O|  |TAMS 0x0000000084300000, 0x0000000084200000| Untracked 
|  67|0x0000000084300000, 0x0000000084400000, 0x0000000084400000|100%| O|  |TAMS 0x0000000084400000, 0x0000000084300000| Untracked 
|  68|0x0000000084400000, 0x0000000084500000, 0x0000000084500000|100%| O|  |TAMS 0x0000000084500000, 0x0000000084400000| Untracked 
|  69|0x0000000084500000, 0x0000000084600000, 0x0000000084600000|100%| O|  |TAMS 0x0000000084600000, 0x0000000084500000| Untracked 
|  70|0x0000000084600000, 0x0000000084700000, 0x0000000084700000|100%| O|  |TAMS 0x0000000084700000, 0x0000000084600000| Untracked 
|  71|0x0000000084700000, 0x0000000084800000, 0x0000000084800000|100%| O|  |TAMS 0x0000000084800000, 0x0000000084700000| Untracked 
|  72|0x0000000084800000, 0x0000000084900000, 0x0000000084900000|100%| O|  |TAMS 0x0000000084900000, 0x0000000084800000| Untracked 
|  73|0x0000000084900000, 0x0000000084a00000, 0x0000000084a00000|100%| O|  |TAMS 0x0000000084a00000, 0x0000000084900000| Untracked 
|  74|0x0000000084a00000, 0x0000000084b00000, 0x0000000084b00000|100%|HS|  |TAMS 0x0000000084b00000, 0x0000000084a00000| Complete 
|  75|0x0000000084b00000, 0x0000000084c00000, 0x0000000084c00000|100%| O|  |TAMS 0x0000000084c00000, 0x0000000084b00000| Untracked 
|  76|0x0000000084c00000, 0x0000000084d00000, 0x0000000084d00000|100%|HS|  |TAMS 0x0000000084d00000, 0x0000000084c00000| Complete 
|  77|0x0000000084d00000, 0x0000000084e00000, 0x0000000084e00000|100%|HS|  |TAMS 0x0000000084e00000, 0x0000000084d00000| Complete 
|  78|0x0000000084e00000, 0x0000000084f00000, 0x0000000084f00000|100%| O|  |TAMS 0x0000000084f00000, 0x0000000084e00000| Untracked 
|  79|0x0000000084f00000, 0x0000000085000000, 0x0000000085000000|100%|HS|  |TAMS 0x0000000085000000, 0x0000000084f00000| Complete 
|  80|0x0000000085000000, 0x0000000085100000, 0x0000000085100000|100%|HS|  |TAMS 0x0000000085100000, 0x0000000085000000| Complete 
|  81|0x0000000085100000, 0x0000000085200000, 0x0000000085200000|100%| O|  |TAMS 0x0000000085200000, 0x0000000085100000| Untracked 
|  82|0x0000000085200000, 0x0000000085300000, 0x0000000085300000|100%| O|  |TAMS 0x0000000085300000, 0x0000000085200000| Untracked 
|  83|0x0000000085300000, 0x0000000085400000, 0x0000000085400000|100%| O|  |TAMS 0x0000000085400000, 0x0000000085300000| Untracked 
|  84|0x0000000085400000, 0x0000000085500000, 0x0000000085500000|100%| O|  |TAMS 0x0000000085500000, 0x0000000085400000| Untracked 
|  85|0x0000000085500000, 0x0000000085600000, 0x0000000085600000|100%| O|  |TAMS 0x0000000085600000, 0x0000000085500000| Untracked 
|  86|0x0000000085600000, 0x0000000085700000, 0x0000000085700000|100%| O|  |TAMS 0x0000000085700000, 0x0000000085600000| Untracked 
|  87|0x0000000085700000, 0x0000000085800000, 0x0000000085800000|100%| O|  |TAMS 0x0000000085800000, 0x0000000085700000| Untracked 
|  88|0x0000000085800000, 0x0000000085900000, 0x0000000085900000|100%| O|  |TAMS 0x0000000085900000, 0x0000000085800000| Untracked 
|  89|0x0000000085900000, 0x0000000085a00000, 0x0000000085a00000|100%| O|  |TAMS 0x0000000085a00000, 0x0000000085900000| Untracked 
|  90|0x0000000085a00000, 0x0000000085b00000, 0x0000000085b00000|100%| O|  |TAMS 0x0000000085b00000, 0x0000000085a00000| Untracked 
|  91|0x0000000085b00000, 0x0000000085c00000, 0x0000000085c00000|100%| O|  |TAMS 0x0000000085c00000, 0x0000000085b00000| Untracked 
|  92|0x0000000085c00000, 0x0000000085d00000, 0x0000000085d00000|100%| O|  |TAMS 0x0000000085d00000, 0x0000000085c00000| Untracked 
|  93|0x0000000085d00000, 0x0000000085e00000, 0x0000000085e00000|100%| O|  |TAMS 0x0000000085e00000, 0x0000000085d00000| Untracked 
|  94|0x0000000085e00000, 0x0000000085f00000, 0x0000000085f00000|100%| O|  |TAMS 0x0000000085f00000, 0x0000000085e00000| Untracked 
|  95|0x0000000085f00000, 0x0000000086000000, 0x0000000086000000|100%| O|  |TAMS 0x0000000086000000, 0x0000000085f00000| Untracked 
|  96|0x0000000086000000, 0x0000000086100000, 0x0000000086100000|100%| O|  |TAMS 0x0000000086100000, 0x0000000086000000| Untracked 
|  97|0x0000000086100000, 0x0000000086200000, 0x0000000086200000|100%| O|  |TAMS 0x0000000086200000, 0x0000000086100000| Untracked 
|  98|0x0000000086200000, 0x0000000086300000, 0x0000000086300000|100%| O|  |TAMS 0x0000000086300000, 0x0000000086200000| Untracked 
|  99|0x0000000086300000, 0x0000000086400000, 0x0000000086400000|100%| O|  |TAMS 0x0000000086400000, 0x0000000086300000| Untracked 
| 100|0x0000000086400000, 0x0000000086500000, 0x0000000086500000|100%| O|  |TAMS 0x0000000086500000, 0x0000000086400000| Untracked 
| 101|0x0000000086500000, 0x0000000086600000, 0x0000000086600000|100%| O|  |TAMS 0x0000000086600000, 0x0000000086500000| Untracked 
| 102|0x0000000086600000, 0x0000000086700000, 0x0000000086700000|100%| O|  |TAMS 0x0000000086700000, 0x0000000086600000| Untracked 
| 103|0x0000000086700000, 0x0000000086800000, 0x0000000086800000|100%| O|  |TAMS 0x0000000086800000, 0x0000000086700000| Untracked 
| 104|0x0000000086800000, 0x0000000086900000, 0x0000000086900000|100%| O|  |TAMS 0x0000000086900000, 0x0000000086800000| Untracked 
| 105|0x0000000086900000, 0x0000000086a00000, 0x0000000086a00000|100%| O|  |TAMS 0x0000000086a00000, 0x0000000086900000| Untracked 
| 106|0x0000000086a00000, 0x0000000086b00000, 0x0000000086b00000|100%| O|  |TAMS 0x0000000086b00000, 0x0000000086a00000| Untracked 
| 107|0x0000000086b00000, 0x0000000086c00000, 0x0000000086c00000|100%| O|  |TAMS 0x0000000086c00000, 0x0000000086b00000| Untracked 
| 108|0x0000000086c00000, 0x0000000086d00000, 0x0000000086d00000|100%| O|  |TAMS 0x0000000086d00000, 0x0000000086c00000| Untracked 
| 109|0x0000000086d00000, 0x0000000086e00000, 0x0000000086e00000|100%|HS|  |TAMS 0x0000000086e00000, 0x0000000086d00000| Complete 
| 110|0x0000000086e00000, 0x0000000086f00000, 0x0000000086f00000|100%|HC|  |TAMS 0x0000000086f00000, 0x0000000086e00000| Complete 
| 111|0x0000000086f00000, 0x0000000087000000, 0x0000000087000000|100%| O|  |TAMS 0x0000000087000000, 0x0000000086f00000| Untracked 
| 112|0x0000000087000000, 0x0000000087100000, 0x0000000087100000|100%| O|  |TAMS 0x0000000087100000, 0x0000000087000000| Untracked 
| 113|0x0000000087100000, 0x0000000087200000, 0x0000000087200000|100%| O|  |TAMS 0x0000000087200000, 0x0000000087100000| Untracked 
| 114|0x0000000087200000, 0x0000000087300000, 0x0000000087300000|100%| O|  |TAMS 0x0000000087300000, 0x0000000087200000| Untracked 
| 115|0x0000000087300000, 0x0000000087400000, 0x0000000087400000|100%| O|  |TAMS 0x0000000087400000, 0x0000000087300000| Untracked 
| 116|0x0000000087400000, 0x0000000087500000, 0x0000000087500000|100%| O|  |TAMS 0x0000000087500000, 0x0000000087400000| Untracked 
| 117|0x0000000087500000, 0x0000000087600000, 0x0000000087600000|100%| O|  |TAMS 0x0000000087600000, 0x0000000087500000| Untracked 
| 118|0x0000000087600000, 0x0000000087700000, 0x0000000087700000|100%| O|  |TAMS 0x0000000087700000, 0x0000000087600000| Untracked 
| 119|0x0000000087700000, 0x0000000087800000, 0x0000000087800000|100%| O|  |TAMS 0x0000000087800000, 0x0000000087700000| Untracked 
| 120|0x0000000087800000, 0x0000000087900000, 0x0000000087900000|100%| O|  |TAMS 0x0000000087900000, 0x0000000087800000| Untracked 
| 121|0x0000000087900000, 0x0000000087a00000, 0x0000000087a00000|100%| O|  |TAMS 0x0000000087a00000, 0x0000000087900000| Untracked 
| 122|0x0000000087a00000, 0x0000000087b00000, 0x0000000087b00000|100%| O|  |TAMS 0x0000000087b00000, 0x0000000087a00000| Untracked 
| 123|0x0000000087b00000, 0x0000000087c00000, 0x0000000087c00000|100%| O|  |TAMS 0x0000000087c00000, 0x0000000087b00000| Untracked 
| 124|0x0000000087c00000, 0x0000000087d00000, 0x0000000087d00000|100%| O|  |TAMS 0x0000000087d00000, 0x0000000087c00000| Untracked 
| 125|0x0000000087d00000, 0x0000000087e00000, 0x0000000087e00000|100%| O|  |TAMS 0x0000000087e00000, 0x0000000087d00000| Untracked 
| 126|0x0000000087e00000, 0x0000000087f00000, 0x0000000087f00000|100%| O|  |TAMS 0x0000000087f00000, 0x0000000087e00000| Untracked 
| 127|0x0000000087f00000, 0x0000000088000000, 0x0000000088000000|100%| O|  |TAMS 0x0000000088000000, 0x0000000087f00000| Untracked 
| 128|0x0000000088000000, 0x0000000088100000, 0x0000000088100000|100%| O|  |TAMS 0x0000000088100000, 0x0000000088000000| Untracked 
| 129|0x0000000088100000, 0x0000000088200000, 0x0000000088200000|100%| O|  |TAMS 0x0000000088200000, 0x0000000088100000| Untracked 
| 130|0x0000000088200000, 0x0000000088300000, 0x0000000088300000|100%| O|  |TAMS 0x0000000088300000, 0x0000000088200000| Untracked 
| 131|0x0000000088300000, 0x0000000088400000, 0x0000000088400000|100%| O|  |TAMS 0x0000000088400000, 0x0000000088300000| Untracked 
| 132|0x0000000088400000, 0x0000000088500000, 0x0000000088500000|100%|HS|  |TAMS 0x0000000088400000, 0x0000000088400000| Complete 
| 133|0x0000000088500000, 0x0000000088600000, 0x0000000088600000|100%|HS|  |TAMS 0x0000000088500000, 0x0000000088500000| Complete 
| 134|0x0000000088600000, 0x0000000088700000, 0x0000000088700000|100%|HS|  |TAMS 0x0000000088700000, 0x0000000088600000| Complete 
| 135|0x0000000088700000, 0x0000000088800000, 0x0000000088800000|100%|HS|  |TAMS 0x0000000088800000, 0x0000000088700000| Complete 
| 136|0x0000000088800000, 0x0000000088900000, 0x0000000088900000|100%|HS|  |TAMS 0x0000000088800000, 0x0000000088800000| Complete 
| 137|0x0000000088900000, 0x0000000088a00000, 0x0000000088a00000|100%| O|  |TAMS 0x0000000088a00000, 0x0000000088900000| Untracked 
| 138|0x0000000088a00000, 0x0000000088b00000, 0x0000000088b00000|100%| O|  |TAMS 0x0000000088b00000, 0x0000000088a00000| Untracked 
| 139|0x0000000088b00000, 0x0000000088c00000, 0x0000000088c00000|100%| O|  |TAMS 0x0000000088c00000, 0x0000000088b00000| Untracked 
| 140|0x0000000088c00000, 0x0000000088d00000, 0x0000000088d00000|100%|HS|  |TAMS 0x0000000088d00000, 0x0000000088c00000| Complete 
| 141|0x0000000088d00000, 0x0000000088e00000, 0x0000000088e00000|100%|HS|  |TAMS 0x0000000088e00000, 0x0000000088d00000| Complete 
| 142|0x0000000088e00000, 0x0000000088f00000, 0x0000000088f00000|100%|HS|  |TAMS 0x0000000088f00000, 0x0000000088e00000| Complete 
| 143|0x0000000088f00000, 0x0000000089000000, 0x0000000089000000|100%|HC|  |TAMS 0x0000000089000000, 0x0000000088f00000| Complete 
| 144|0x0000000089000000, 0x0000000089100000, 0x0000000089100000|100%| O|  |TAMS 0x0000000089100000, 0x0000000089000000| Untracked 
| 145|0x0000000089100000, 0x0000000089200000, 0x0000000089200000|100%| O|  |TAMS 0x0000000089200000, 0x0000000089100000| Untracked 
| 146|0x0000000089200000, 0x0000000089300000, 0x0000000089300000|100%| O|  |TAMS 0x0000000089300000, 0x0000000089200000| Untracked 
| 147|0x0000000089300000, 0x0000000089400000, 0x0000000089400000|100%| O|  |TAMS 0x0000000089400000, 0x0000000089300000| Untracked 
| 148|0x0000000089400000, 0x0000000089500000, 0x0000000089500000|100%|HS|  |TAMS 0x0000000089500000, 0x0000000089400000| Complete 
| 149|0x0000000089500000, 0x0000000089600000, 0x0000000089600000|100%|HS|  |TAMS 0x0000000089500000, 0x0000000089500000| Complete 
| 150|0x0000000089600000, 0x0000000089700000, 0x0000000089700000|100%|HC|  |TAMS 0x0000000089600000, 0x0000000089600000| Complete 
| 151|0x0000000089700000, 0x0000000089800000, 0x0000000089800000|100%| O|  |TAMS 0x0000000089800000, 0x0000000089700000| Untracked 
| 152|0x0000000089800000, 0x0000000089900000, 0x0000000089900000|100%| O|  |TAMS 0x0000000089900000, 0x0000000089800000| Untracked 
| 153|0x0000000089900000, 0x0000000089a00000, 0x0000000089a00000|100%| O|  |TAMS 0x0000000089a00000, 0x0000000089900000| Untracked 
| 154|0x0000000089a00000, 0x0000000089b00000, 0x0000000089b00000|100%|HS|  |TAMS 0x0000000089b00000, 0x0000000089a00000| Complete 
| 155|0x0000000089b00000, 0x0000000089c00000, 0x0000000089c00000|100%|HS|  |TAMS 0x0000000089c00000, 0x0000000089b00000| Complete 
| 156|0x0000000089c00000, 0x0000000089d00000, 0x0000000089d00000|100%| O|  |TAMS 0x0000000089d00000, 0x0000000089c00000| Untracked 
| 157|0x0000000089d00000, 0x0000000089e00000, 0x0000000089e00000|100%| O|  |TAMS 0x0000000089e00000, 0x0000000089d00000| Untracked 
| 158|0x0000000089e00000, 0x0000000089f00000, 0x0000000089f00000|100%| O|  |TAMS 0x0000000089f00000, 0x0000000089e00000| Untracked 
| 159|0x0000000089f00000, 0x000000008a000000, 0x000000008a000000|100%| O|  |TAMS 0x000000008a000000, 0x0000000089f00000| Untracked 
| 160|0x000000008a000000, 0x000000008a100000, 0x000000008a100000|100%| O|  |TAMS 0x000000008a100000, 0x000000008a000000| Untracked 
| 161|0x000000008a100000, 0x000000008a200000, 0x000000008a200000|100%| O|  |TAMS 0x000000008a200000, 0x000000008a100000| Untracked 
| 162|0x000000008a200000, 0x000000008a300000, 0x000000008a300000|100%| O|  |TAMS 0x000000008a300000, 0x000000008a200000| Untracked 
| 163|0x000000008a300000, 0x000000008a400000, 0x000000008a400000|100%| O|  |TAMS 0x000000008a400000, 0x000000008a300000| Untracked 
| 164|0x000000008a400000, 0x000000008a500000, 0x000000008a500000|100%| O|  |TAMS 0x000000008a500000, 0x000000008a400000| Untracked 
| 165|0x000000008a500000, 0x000000008a600000, 0x000000008a600000|100%| O|  |TAMS 0x000000008a600000, 0x000000008a500000| Untracked 
| 166|0x000000008a600000, 0x000000008a700000, 0x000000008a700000|100%| O|  |TAMS 0x000000008a700000, 0x000000008a600000| Untracked 
| 167|0x000000008a700000, 0x000000008a800000, 0x000000008a800000|100%| O|  |TAMS 0x000000008a800000, 0x000000008a700000| Untracked 
| 168|0x000000008a800000, 0x000000008a900000, 0x000000008a900000|100%| O|  |TAMS 0x000000008a900000, 0x000000008a800000| Untracked 
| 169|0x000000008a900000, 0x000000008aa00000, 0x000000008aa00000|100%| O|  |TAMS 0x000000008aa00000, 0x000000008a900000| Untracked 
| 170|0x000000008aa00000, 0x000000008ab00000, 0x000000008ab00000|100%|HS|  |TAMS 0x000000008ab00000, 0x000000008aa00000| Complete 
| 171|0x000000008ab00000, 0x000000008ac00000, 0x000000008ac00000|100%|HS|  |TAMS 0x000000008ac00000, 0x000000008ab00000| Complete 
| 172|0x000000008ac00000, 0x000000008ad00000, 0x000000008ad00000|100%|HS|  |TAMS 0x000000008ad00000, 0x000000008ac00000| Complete 
| 173|0x000000008ad00000, 0x000000008ae00000, 0x000000008ae00000|100%| O|  |TAMS 0x000000008ae00000, 0x000000008ad00000| Untracked 
| 174|0x000000008ae00000, 0x000000008af00000, 0x000000008af00000|100%| O|  |TAMS 0x000000008af00000, 0x000000008ae00000| Untracked 
| 175|0x000000008af00000, 0x000000008b000000, 0x000000008b000000|100%| O|  |TAMS 0x000000008b000000, 0x000000008af00000| Untracked 
| 176|0x000000008b000000, 0x000000008b100000, 0x000000008b100000|100%| O|  |TAMS 0x000000008b100000, 0x000000008b000000| Untracked 
| 177|0x000000008b100000, 0x000000008b200000, 0x000000008b200000|100%| O|  |TAMS 0x000000008b200000, 0x000000008b100000| Untracked 
| 178|0x000000008b200000, 0x000000008b300000, 0x000000008b300000|100%| O|  |TAMS 0x000000008b300000, 0x000000008b200000| Untracked 
| 179|0x000000008b300000, 0x000000008b400000, 0x000000008b400000|100%| O|  |TAMS 0x000000008b400000, 0x000000008b300000| Untracked 
| 180|0x000000008b400000, 0x000000008b500000, 0x000000008b500000|100%| O|  |TAMS 0x000000008b500000, 0x000000008b400000| Untracked 
| 181|0x000000008b500000, 0x000000008b600000, 0x000000008b600000|100%| O|  |TAMS 0x000000008b600000, 0x000000008b500000| Untracked 
| 182|0x000000008b600000, 0x000000008b700000, 0x000000008b700000|100%| O|  |TAMS 0x000000008b700000, 0x000000008b600000| Untracked 
| 183|0x000000008b700000, 0x000000008b800000, 0x000000008b800000|100%| O|  |TAMS 0x000000008b800000, 0x000000008b700000| Untracked 
| 184|0x000000008b800000, 0x000000008b900000, 0x000000008b900000|100%| O|  |TAMS 0x000000008b900000, 0x000000008b800000| Untracked 
| 185|0x000000008b900000, 0x000000008ba00000, 0x000000008ba00000|100%| O|  |TAMS 0x000000008ba00000, 0x000000008b900000| Untracked 
| 186|0x000000008ba00000, 0x000000008bb00000, 0x000000008bb00000|100%| O|  |TAMS 0x000000008bb00000, 0x000000008ba00000| Untracked 
| 187|0x000000008bb00000, 0x000000008bc00000, 0x000000008bc00000|100%| O|  |TAMS 0x000000008bc00000, 0x000000008bb00000| Untracked 
| 188|0x000000008bc00000, 0x000000008bd00000, 0x000000008bd00000|100%| O|  |TAMS 0x000000008bd00000, 0x000000008bc00000| Untracked 
| 189|0x000000008bd00000, 0x000000008be00000, 0x000000008be00000|100%| O|  |TAMS 0x000000008be00000, 0x000000008bd00000| Untracked 
| 190|0x000000008be00000, 0x000000008bf00000, 0x000000008bf00000|100%| O|  |TAMS 0x000000008bf00000, 0x000000008be00000| Untracked 
| 191|0x000000008bf00000, 0x000000008c000000, 0x000000008c000000|100%| O|  |TAMS 0x000000008c000000, 0x000000008bf00000| Untracked 
| 192|0x000000008c000000, 0x000000008c100000, 0x000000008c100000|100%| O|  |TAMS 0x000000008c100000, 0x000000008c000000| Untracked 
| 193|0x000000008c100000, 0x000000008c200000, 0x000000008c200000|100%| O|  |TAMS 0x000000008c200000, 0x000000008c100000| Untracked 
| 194|0x000000008c200000, 0x000000008c300000, 0x000000008c300000|100%| O|  |TAMS 0x000000008c200000, 0x000000008c200000| Untracked 
| 195|0x000000008c300000, 0x000000008c400000, 0x000000008c400000|100%|HS|  |TAMS 0x000000008c400000, 0x000000008c300000| Complete 
| 196|0x000000008c400000, 0x000000008c500000, 0x000000008c500000|100%|HC|  |TAMS 0x000000008c500000, 0x000000008c400000| Complete 
| 197|0x000000008c500000, 0x000000008c600000, 0x000000008c600000|100%|HS|  |TAMS 0x000000008c600000, 0x000000008c500000| Complete 
| 198|0x000000008c600000, 0x000000008c700000, 0x000000008c700000|100%|HC|  |TAMS 0x000000008c700000, 0x000000008c600000| Complete 
| 199|0x000000008c700000, 0x000000008c800000, 0x000000008c800000|100%|HS|  |TAMS 0x000000008c800000, 0x000000008c700000| Complete 
| 200|0x000000008c800000, 0x000000008c900000, 0x000000008c900000|100%|HC|  |TAMS 0x000000008c900000, 0x000000008c800000| Complete 
| 201|0x000000008c900000, 0x000000008ca00000, 0x000000008ca00000|100%|HS|  |TAMS 0x000000008ca00000, 0x000000008c900000| Complete 
| 202|0x000000008ca00000, 0x000000008cb00000, 0x000000008cb00000|100%|HS|  |TAMS 0x000000008cb00000, 0x000000008ca00000| Complete 
| 203|0x000000008cb00000, 0x000000008cc00000, 0x000000008cc00000|100%| O|  |TAMS 0x000000008cc00000, 0x000000008cb00000| Untracked 
| 204|0x000000008cc00000, 0x000000008cd00000, 0x000000008cd00000|100%| O|  |TAMS 0x000000008cd00000, 0x000000008cc00000| Untracked 
| 205|0x000000008cd00000, 0x000000008ce00000, 0x000000008ce00000|100%| O|  |TAMS 0x000000008ce00000, 0x000000008cd00000| Untracked 
| 206|0x000000008ce00000, 0x000000008cf00000, 0x000000008cf00000|100%| O|  |TAMS 0x000000008cf00000, 0x000000008ce00000| Untracked 
| 207|0x000000008cf00000, 0x000000008d000000, 0x000000008d000000|100%| O|  |TAMS 0x000000008d000000, 0x000000008cf00000| Untracked 
| 208|0x000000008d000000, 0x000000008d100000, 0x000000008d100000|100%| O|  |TAMS 0x000000008d100000, 0x000000008d000000| Untracked 
| 209|0x000000008d100000, 0x000000008d200000, 0x000000008d200000|100%| O|  |TAMS 0x000000008d200000, 0x000000008d100000| Untracked 
| 210|0x000000008d200000, 0x000000008d300000, 0x000000008d300000|100%| O|  |TAMS 0x000000008d300000, 0x000000008d200000| Untracked 
| 211|0x000000008d300000, 0x000000008d400000, 0x000000008d400000|100%| O|  |TAMS 0x000000008d400000, 0x000000008d300000| Untracked 
| 212|0x000000008d400000, 0x000000008d500000, 0x000000008d500000|100%| O|  |TAMS 0x000000008d500000, 0x000000008d400000| Untracked 
| 213|0x000000008d500000, 0x000000008d600000, 0x000000008d600000|100%| O|  |TAMS 0x000000008d600000, 0x000000008d500000| Untracked 
| 214|0x000000008d600000, 0x000000008d700000, 0x000000008d700000|100%| O|  |TAMS 0x000000008d700000, 0x000000008d600000| Untracked 
| 215|0x000000008d700000, 0x000000008d800000, 0x000000008d800000|100%| O|  |TAMS 0x000000008d800000, 0x000000008d700000| Untracked 
| 216|0x000000008d800000, 0x000000008d900000, 0x000000008d900000|100%| O|  |TAMS 0x000000008d900000, 0x000000008d800000| Untracked 
| 217|0x000000008d900000, 0x000000008da00000, 0x000000008da00000|100%| O|  |TAMS 0x000000008da00000, 0x000000008d900000| Untracked 
| 218|0x000000008da00000, 0x000000008db00000, 0x000000008db00000|100%| O|  |TAMS 0x000000008db00000, 0x000000008da00000| Untracked 
| 219|0x000000008db00000, 0x000000008dc00000, 0x000000008dc00000|100%| O|  |TAMS 0x000000008dc00000, 0x000000008db00000| Untracked 
| 220|0x000000008dc00000, 0x000000008dd00000, 0x000000008dd00000|100%| O|  |TAMS 0x000000008dd00000, 0x000000008dc00000| Untracked 
| 221|0x000000008dd00000, 0x000000008de00000, 0x000000008de00000|100%| O|  |TAMS 0x000000008de00000, 0x000000008dd00000| Untracked 
| 222|0x000000008de00000, 0x000000008df00000, 0x000000008df00000|100%| O|  |TAMS 0x000000008df00000, 0x000000008de00000| Untracked 
| 223|0x000000008df00000, 0x000000008e000000, 0x000000008e000000|100%| O|  |TAMS 0x000000008e000000, 0x000000008df00000| Untracked 
| 224|0x000000008e000000, 0x000000008e100000, 0x000000008e100000|100%| O|  |TAMS 0x000000008e100000, 0x000000008e000000| Untracked 
| 225|0x000000008e100000, 0x000000008e200000, 0x000000008e200000|100%| O|  |TAMS 0x000000008e200000, 0x000000008e100000| Untracked 
| 226|0x000000008e200000, 0x000000008e300000, 0x000000008e300000|100%| O|  |TAMS 0x000000008e300000, 0x000000008e200000| Untracked 
| 227|0x000000008e300000, 0x000000008e400000, 0x000000008e400000|100%| O|  |TAMS 0x000000008e400000, 0x000000008e300000| Untracked 
| 228|0x000000008e400000, 0x000000008e500000, 0x000000008e500000|100%|HS|  |TAMS 0x000000008e400000, 0x000000008e400000| Complete 
| 229|0x000000008e500000, 0x000000008e600000, 0x000000008e600000|100%|HC|  |TAMS 0x000000008e500000, 0x000000008e500000| Complete 
| 230|0x000000008e600000, 0x000000008e700000, 0x000000008e700000|100%|HS|  |TAMS 0x000000008e600000, 0x000000008e600000| Complete 
| 231|0x000000008e700000, 0x000000008e800000, 0x000000008e800000|100%|HS|  |TAMS 0x000000008e700000, 0x000000008e700000| Complete 
| 232|0x000000008e800000, 0x000000008e900000, 0x000000008e900000|100%| O|  |TAMS 0x000000008e800000, 0x000000008e800000| Untracked 
| 233|0x000000008e900000, 0x000000008ea00000, 0x000000008ea00000|100%| O|  |TAMS 0x000000008ea00000, 0x000000008e900000| Untracked 
| 234|0x000000008ea00000, 0x000000008eb00000, 0x000000008eb00000|100%| O|  |TAMS 0x000000008eb00000, 0x000000008ea00000| Untracked 
| 235|0x000000008eb00000, 0x000000008ec00000, 0x000000008ec00000|100%| O|  |TAMS 0x000000008ec00000, 0x000000008eb00000| Untracked 
| 236|0x000000008ec00000, 0x000000008ed00000, 0x000000008ed00000|100%| O|  |TAMS 0x000000008ed00000, 0x000000008ec00000| Untracked 
| 237|0x000000008ed00000, 0x000000008ee00000, 0x000000008ee00000|100%| O|  |TAMS 0x000000008ee00000, 0x000000008ed00000| Untracked 
| 238|0x000000008ee00000, 0x000000008ef00000, 0x000000008ef00000|100%|HS|  |TAMS 0x000000008ee00000, 0x000000008ee00000| Complete 
| 239|0x000000008ef00000, 0x000000008f000000, 0x000000008f000000|100%| O|  |TAMS 0x000000008f000000, 0x000000008ef00000| Untracked 
| 240|0x000000008f000000, 0x000000008f100000, 0x000000008f100000|100%| O|  |TAMS 0x000000008f100000, 0x000000008f000000| Untracked 
| 241|0x000000008f100000, 0x000000008f200000, 0x000000008f200000|100%| O|  |TAMS 0x000000008f200000, 0x000000008f100000| Untracked 
| 242|0x000000008f200000, 0x000000008f300000, 0x000000008f300000|100%| O|  |TAMS 0x000000008f300000, 0x000000008f200000| Untracked 
| 243|0x000000008f300000, 0x000000008f400000, 0x000000008f400000|100%| O|  |TAMS 0x000000008f400000, 0x000000008f300000| Untracked 
| 244|0x000000008f400000, 0x000000008f500000, 0x000000008f500000|100%| O|  |TAMS 0x000000008f500000, 0x000000008f400000| Untracked 
| 245|0x000000008f500000, 0x000000008f600000, 0x000000008f600000|100%| O|  |TAMS 0x000000008f600000, 0x000000008f500000| Untracked 
| 246|0x000000008f600000, 0x000000008f700000, 0x000000008f700000|100%| O|  |TAMS 0x000000008f700000, 0x000000008f600000| Untracked 
| 247|0x000000008f700000, 0x000000008f800000, 0x000000008f800000|100%|HS|  |TAMS 0x000000008f700000, 0x000000008f700000| Complete 
| 248|0x000000008f800000, 0x000000008f900000, 0x000000008f900000|100%| O|  |TAMS 0x000000008f900000, 0x000000008f800000| Untracked 
| 249|0x000000008f900000, 0x000000008fa00000, 0x000000008fa00000|100%| O|  |TAMS 0x000000008fa00000, 0x000000008f900000| Untracked 
| 250|0x000000008fa00000, 0x000000008fb00000, 0x000000008fb00000|100%| O|  |TAMS 0x000000008fb00000, 0x000000008fa00000| Untracked 
| 251|0x000000008fb00000, 0x000000008fc00000, 0x000000008fc00000|100%|HS|  |TAMS 0x000000008fb00000, 0x000000008fb00000| Complete 
| 252|0x000000008fc00000, 0x000000008fd00000, 0x000000008fd00000|100%| O|  |TAMS 0x000000008fc00000, 0x000000008fc00000| Untracked 
| 253|0x000000008fd00000, 0x000000008fe00000, 0x000000008fe00000|100%|HS|  |TAMS 0x000000008fd00000, 0x000000008fd00000| Complete 
| 254|0x000000008fe00000, 0x000000008ff00000, 0x000000008ff00000|100%| O|  |TAMS 0x000000008ff00000, 0x000000008fe00000| Untracked 
| 255|0x000000008ff00000, 0x0000000090000000, 0x0000000090000000|100%| O|  |TAMS 0x0000000090000000, 0x000000008ff00000| Untracked 
| 256|0x0000000090000000, 0x0000000090100000, 0x0000000090100000|100%| O|  |TAMS 0x0000000090100000, 0x0000000090000000| Untracked 
| 257|0x0000000090100000, 0x0000000090200000, 0x0000000090200000|100%| O|  |TAMS 0x0000000090200000, 0x0000000090100000| Untracked 
| 258|0x0000000090200000, 0x0000000090300000, 0x0000000090300000|100%| O|  |TAMS 0x0000000090300000, 0x0000000090200000| Untracked 
| 259|0x0000000090300000, 0x0000000090400000, 0x0000000090400000|100%|HS|  |TAMS 0x0000000090300000, 0x0000000090300000| Complete 
| 260|0x0000000090400000, 0x0000000090500000, 0x0000000090500000|100%| O|  |TAMS 0x0000000090500000, 0x0000000090400000| Untracked 
| 261|0x0000000090500000, 0x0000000090600000, 0x0000000090600000|100%| O|  |TAMS 0x0000000090500000, 0x0000000090500000| Untracked 
| 262|0x0000000090600000, 0x0000000090700000, 0x0000000090700000|100%|HS|  |TAMS 0x0000000090600000, 0x0000000090600000| Complete 
| 263|0x0000000090700000, 0x0000000090800000, 0x0000000090800000|100%| O|  |TAMS 0x0000000090700000, 0x0000000090700000| Untracked 
| 264|0x0000000090800000, 0x0000000090900000, 0x0000000090900000|100%| O|  |TAMS 0x0000000090900000, 0x0000000090800000| Untracked 
| 265|0x0000000090900000, 0x0000000090a00000, 0x0000000090a00000|100%| O|  |TAMS 0x0000000090900000, 0x0000000090900000| Untracked 
| 266|0x0000000090a00000, 0x0000000090b00000, 0x0000000090b00000|100%| O|  |TAMS 0x0000000090b00000, 0x0000000090a00000| Untracked 
| 267|0x0000000090b00000, 0x0000000090c00000, 0x0000000090c00000|100%| O|  |TAMS 0x0000000090b00000, 0x0000000090b00000| Untracked 
| 268|0x0000000090c00000, 0x0000000090d00000, 0x0000000090d00000|100%| O|  |TAMS 0x0000000090d00000, 0x0000000090c00000| Untracked 
| 269|0x0000000090d00000, 0x0000000090e00000, 0x0000000090e00000|100%| O|  |TAMS 0x0000000090e00000, 0x0000000090d00000| Untracked 
| 270|0x0000000090e00000, 0x0000000090f00000, 0x0000000090f00000|100%| O|  |TAMS 0x0000000090f00000, 0x0000000090e00000| Untracked 
| 271|0x0000000090f00000, 0x0000000091000000, 0x0000000091000000|100%| O|  |TAMS 0x0000000090f00000, 0x0000000090f00000| Untracked 
| 272|0x0000000091000000, 0x0000000091100000, 0x0000000091100000|100%| O|  |TAMS 0x0000000091000000, 0x0000000091000000| Untracked 
| 273|0x0000000091100000, 0x0000000091200000, 0x0000000091200000|100%|HS|  |TAMS 0x0000000091100000, 0x0000000091100000| Complete 
| 274|0x0000000091200000, 0x0000000091300000, 0x0000000091300000|100%|HC|  |TAMS 0x0000000091200000, 0x0000000091200000| Complete 
| 275|0x0000000091300000, 0x0000000091400000, 0x0000000091400000|100%|HS|  |TAMS 0x0000000091300000, 0x0000000091300000| Complete 
| 276|0x0000000091400000, 0x0000000091500000, 0x0000000091500000|100%|HC|  |TAMS 0x0000000091400000, 0x0000000091400000| Complete 
| 277|0x0000000091500000, 0x0000000091600000, 0x0000000091600000|100%|HS|  |TAMS 0x0000000091500000, 0x0000000091500000| Complete 
| 278|0x0000000091600000, 0x0000000091700000, 0x0000000091700000|100%|HS|  |TAMS 0x0000000091600000, 0x0000000091600000| Complete 
| 279|0x0000000091700000, 0x0000000091800000, 0x0000000091800000|100%|HS|  |TAMS 0x0000000091700000, 0x0000000091700000| Complete 
| 280|0x0000000091800000, 0x0000000091900000, 0x0000000091900000|100%|HS|  |TAMS 0x0000000091800000, 0x0000000091800000| Complete 
| 281|0x0000000091900000, 0x0000000091a00000, 0x0000000091a00000|100%|HC|  |TAMS 0x0000000091900000, 0x0000000091900000| Complete 
| 282|0x0000000091a00000, 0x0000000091b00000, 0x0000000091b00000|100%| O|  |TAMS 0x0000000091a00000, 0x0000000091a00000| Untracked 
| 283|0x0000000091b00000, 0x0000000091c00000, 0x0000000091c00000|100%|HS|  |TAMS 0x0000000091b00000, 0x0000000091b00000| Complete 
| 284|0x0000000091c00000, 0x0000000091d00000, 0x0000000091d00000|100%|HS|  |TAMS 0x0000000091c00000, 0x0000000091c00000| Complete 
| 285|0x0000000091d00000, 0x0000000091e00000, 0x0000000091e00000|100%|HC|  |TAMS 0x0000000091d00000, 0x0000000091d00000| Complete 
| 286|0x0000000091e00000, 0x0000000091e00000, 0x0000000091f00000|  0%| F|  |TAMS 0x0000000091e00000, 0x0000000091e00000| Untracked 
| 287|0x0000000091f00000, 0x0000000091f00000, 0x0000000092000000|  0%| F|  |TAMS 0x0000000091f00000, 0x0000000091f00000| Untracked 
| 288|0x0000000092000000, 0x0000000092000000, 0x0000000092100000|  0%| F|  |TAMS 0x0000000092000000, 0x0000000092000000| Untracked 
| 289|0x0000000092100000, 0x0000000092100000, 0x0000000092200000|  0%| F|  |TAMS 0x0000000092100000, 0x0000000092100000| Untracked 
| 290|0x0000000092200000, 0x0000000092200000, 0x0000000092300000|  0%| F|  |TAMS 0x0000000092200000, 0x0000000092200000| Untracked 
| 291|0x0000000092300000, 0x0000000092300000, 0x0000000092400000|  0%| F|  |TAMS 0x0000000092300000, 0x0000000092300000| Untracked 
| 292|0x0000000092400000, 0x0000000092400000, 0x0000000092500000|  0%| F|  |TAMS 0x0000000092400000, 0x0000000092400000| Untracked 
| 293|0x0000000092500000, 0x0000000092600000, 0x0000000092600000|100%| O|  |TAMS 0x0000000092500000, 0x0000000092500000| Untracked 
| 294|0x0000000092600000, 0x0000000092600000, 0x0000000092700000|  0%| F|  |TAMS 0x0000000092600000, 0x0000000092600000| Untracked 
| 295|0x0000000092700000, 0x0000000092700000, 0x0000000092800000|  0%| F|  |TAMS 0x0000000092700000, 0x0000000092700000| Untracked 
| 296|0x0000000092800000, 0x0000000092800000, 0x0000000092900000|  0%| F|  |TAMS 0x0000000092800000, 0x0000000092800000| Untracked 
| 297|0x0000000092900000, 0x0000000092900000, 0x0000000092a00000|  0%| F|  |TAMS 0x0000000092900000, 0x0000000092900000| Untracked 
| 298|0x0000000092a00000, 0x0000000092a00000, 0x0000000092b00000|  0%| F|  |TAMS 0x0000000092a00000, 0x0000000092a00000| Untracked 
| 299|0x0000000092b00000, 0x0000000092b00000, 0x0000000092c00000|  0%| F|  |TAMS 0x0000000092b00000, 0x0000000092b00000| Untracked 
| 300|0x0000000092c00000, 0x0000000092c00000, 0x0000000092d00000|  0%| F|  |TAMS 0x0000000092c00000, 0x0000000092c00000| Untracked 
| 301|0x0000000092d00000, 0x0000000092d00000, 0x0000000092e00000|  0%| F|  |TAMS 0x0000000092d00000, 0x0000000092d00000| Untracked 
| 302|0x0000000092e00000, 0x0000000092e00000, 0x0000000092f00000|  0%| F|  |TAMS 0x0000000092e00000, 0x0000000092e00000| Untracked 
| 303|0x0000000092f00000, 0x0000000092f00000, 0x0000000093000000|  0%| F|  |TAMS 0x0000000092f00000, 0x0000000092f00000| Untracked 
| 304|0x0000000093000000, 0x0000000093100000, 0x0000000093100000|100%| O|  |TAMS 0x0000000093100000, 0x0000000093000000| Untracked 
| 305|0x0000000093100000, 0x0000000093200000, 0x0000000093200000|100%| O|  |TAMS 0x0000000093200000, 0x0000000093100000| Untracked 
| 306|0x0000000093200000, 0x0000000093300000, 0x0000000093300000|100%| O|  |TAMS 0x0000000093300000, 0x0000000093200000| Untracked 
| 307|0x0000000093300000, 0x0000000093400000, 0x0000000093400000|100%| O|  |TAMS 0x0000000093400000, 0x0000000093300000| Untracked 
| 308|0x0000000093400000, 0x0000000093400000, 0x0000000093500000|  0%| F|  |TAMS 0x0000000093400000, 0x0000000093400000| Untracked 
| 309|0x0000000093500000, 0x0000000093500000, 0x0000000093600000|  0%| F|  |TAMS 0x0000000093500000, 0x0000000093500000| Untracked 
| 310|0x0000000093600000, 0x0000000093600000, 0x0000000093700000|  0%| F|  |TAMS 0x0000000093600000, 0x0000000093600000| Untracked 
| 311|0x0000000093700000, 0x0000000093700000, 0x0000000093800000|  0%| F|  |TAMS 0x0000000093700000, 0x0000000093700000| Untracked 
| 312|0x0000000093800000, 0x0000000093800000, 0x0000000093900000|  0%| F|  |TAMS 0x0000000093800000, 0x0000000093800000| Untracked 
| 313|0x0000000093900000, 0x0000000093900000, 0x0000000093a00000|  0%| F|  |TAMS 0x0000000093900000, 0x0000000093900000| Untracked 
| 314|0x0000000093a00000, 0x0000000093a00000, 0x0000000093b00000|  0%| F|  |TAMS 0x0000000093a00000, 0x0000000093a00000| Untracked 
| 315|0x0000000093b00000, 0x0000000093b00000, 0x0000000093c00000|  0%| F|  |TAMS 0x0000000093b00000, 0x0000000093b00000| Untracked 
| 316|0x0000000093c00000, 0x0000000093c00000, 0x0000000093d00000|  0%| F|  |TAMS 0x0000000093c00000, 0x0000000093c00000| Untracked 
| 317|0x0000000093d00000, 0x0000000093d00000, 0x0000000093e00000|  0%| F|  |TAMS 0x0000000093d00000, 0x0000000093d00000| Untracked 
| 318|0x0000000093e00000, 0x0000000093e00000, 0x0000000093f00000|  0%| F|  |TAMS 0x0000000093e00000, 0x0000000093e00000| Untracked 
| 319|0x0000000093f00000, 0x0000000093f00000, 0x0000000094000000|  0%| F|  |TAMS 0x0000000093f00000, 0x0000000093f00000| Untracked 
| 320|0x0000000094000000, 0x0000000094100000, 0x0000000094100000|100%| O|  |TAMS 0x0000000094100000, 0x0000000094000000| Untracked 
| 321|0x0000000094100000, 0x0000000094100000, 0x0000000094200000|  0%| F|  |TAMS 0x0000000094100000, 0x0000000094100000| Untracked 
| 322|0x0000000094200000, 0x0000000094300000, 0x0000000094300000|100%| O|  |TAMS 0x0000000094300000, 0x0000000094200000| Untracked 
| 323|0x0000000094300000, 0x0000000094400000, 0x0000000094400000|100%| O|  |TAMS 0x0000000094400000, 0x0000000094300000| Untracked 
| 324|0x0000000094400000, 0x0000000094500000, 0x0000000094500000|100%| O|  |TAMS 0x0000000094500000, 0x0000000094400000| Untracked 
| 325|0x0000000094500000, 0x0000000094600000, 0x0000000094600000|100%| O|  |TAMS 0x0000000094600000, 0x0000000094500000| Untracked 
| 326|0x0000000094600000, 0x0000000094700000, 0x0000000094700000|100%| O|  |TAMS 0x0000000094700000, 0x0000000094600000| Untracked 
| 327|0x0000000094700000, 0x0000000094800000, 0x0000000094800000|100%|HS|  |TAMS 0x0000000094800000, 0x0000000094700000| Complete 
| 328|0x0000000094800000, 0x0000000094900000, 0x0000000094900000|100%|HS|  |TAMS 0x0000000094900000, 0x0000000094800000| Complete 
| 329|0x0000000094900000, 0x0000000094900000, 0x0000000094a00000|  0%| F|  |TAMS 0x0000000094900000, 0x0000000094900000| Untracked 
| 330|0x0000000094a00000, 0x0000000094a00000, 0x0000000094b00000|  0%| F|  |TAMS 0x0000000094a00000, 0x0000000094a00000| Untracked 
| 331|0x0000000094b00000, 0x0000000094b00000, 0x0000000094c00000|  0%| F|  |TAMS 0x0000000094b00000, 0x0000000094b00000| Untracked 
| 332|0x0000000094c00000, 0x0000000094c00000, 0x0000000094d00000|  0%| F|  |TAMS 0x0000000094c00000, 0x0000000094c00000| Untracked 
| 333|0x0000000094d00000, 0x0000000094d00000, 0x0000000094e00000|  0%| F|  |TAMS 0x0000000094d00000, 0x0000000094d00000| Untracked 
| 334|0x0000000094e00000, 0x0000000094e00000, 0x0000000094f00000|  0%| F|  |TAMS 0x0000000094e00000, 0x0000000094e00000| Untracked 
| 335|0x0000000094f00000, 0x0000000094f00000, 0x0000000095000000|  0%| F|  |TAMS 0x0000000094f00000, 0x0000000094f00000| Untracked 
| 336|0x0000000095000000, 0x0000000095100000, 0x0000000095100000|100%| O|  |TAMS 0x0000000095000000, 0x0000000095000000| Untracked 
| 337|0x0000000095100000, 0x0000000095200000, 0x0000000095200000|100%| O|  |TAMS 0x0000000095100000, 0x0000000095100000| Untracked 
| 338|0x0000000095200000, 0x0000000095300000, 0x0000000095300000|100%| O|  |TAMS 0x0000000095200000, 0x0000000095200000| Untracked 
| 339|0x0000000095300000, 0x0000000095400000, 0x0000000095400000|100%| O|  |TAMS 0x0000000095300000, 0x0000000095300000| Untracked 
| 340|0x0000000095400000, 0x0000000095500000, 0x0000000095500000|100%| O|  |TAMS 0x0000000095400000, 0x0000000095400000| Untracked 
| 341|0x0000000095500000, 0x0000000095600000, 0x0000000095600000|100%| O|  |TAMS 0x0000000095600000, 0x0000000095500000| Untracked 
| 342|0x0000000095600000, 0x0000000095700000, 0x0000000095700000|100%|HS|  |TAMS 0x0000000095700000, 0x0000000095600000| Complete 
| 343|0x0000000095700000, 0x0000000095800000, 0x0000000095800000|100%|HS|  |TAMS 0x0000000095800000, 0x0000000095700000| Complete 
| 344|0x0000000095800000, 0x0000000095900000, 0x0000000095900000|100%|HC|  |TAMS 0x0000000095900000, 0x0000000095800000| Complete 
| 345|0x0000000095900000, 0x0000000095a00000, 0x0000000095a00000|100%| O|  |TAMS 0x0000000095a00000, 0x0000000095900000| Untracked 
| 346|0x0000000095a00000, 0x0000000095b00000, 0x0000000095b00000|100%|HS|  |TAMS 0x0000000095b00000, 0x0000000095a00000| Complete 
| 347|0x0000000095b00000, 0x0000000095c00000, 0x0000000095c00000|100%|HC|  |TAMS 0x0000000095c00000, 0x0000000095b00000| Complete 
| 348|0x0000000095c00000, 0x0000000095d00000, 0x0000000095d00000|100%|HS|  |TAMS 0x0000000095d00000, 0x0000000095c00000| Complete 
| 349|0x0000000095d00000, 0x0000000095e00000, 0x0000000095e00000|100%|HC|  |TAMS 0x0000000095e00000, 0x0000000095d00000| Complete 
| 350|0x0000000095e00000, 0x0000000095f00000, 0x0000000095f00000|100%| O|  |TAMS 0x0000000095f00000, 0x0000000095e00000| Untracked 
| 351|0x0000000095f00000, 0x0000000096000000, 0x0000000096000000|100%| O|  |TAMS 0x0000000096000000, 0x0000000095f00000| Untracked 
| 352|0x0000000096000000, 0x0000000096100000, 0x0000000096100000|100%|HS|  |TAMS 0x0000000096100000, 0x0000000096000000| Complete 
| 353|0x0000000096100000, 0x0000000096200000, 0x0000000096200000|100%|HC|  |TAMS 0x0000000096200000, 0x0000000096100000| Complete 
| 354|0x0000000096200000, 0x0000000096300000, 0x0000000096300000|100%| O|  |TAMS 0x0000000096300000, 0x0000000096200000| Untracked 
| 355|0x0000000096300000, 0x0000000096400000, 0x0000000096400000|100%| O|  |TAMS 0x0000000096400000, 0x0000000096300000| Untracked 
| 356|0x0000000096400000, 0x0000000096500000, 0x0000000096500000|100%| O|  |TAMS 0x0000000096500000, 0x0000000096400000| Untracked 
| 357|0x0000000096500000, 0x0000000096600000, 0x0000000096600000|100%| O|  |TAMS 0x0000000096600000, 0x0000000096500000| Untracked 
| 358|0x0000000096600000, 0x0000000096700000, 0x0000000096700000|100%| O|  |TAMS 0x0000000096700000, 0x0000000096600000| Untracked 
| 359|0x0000000096700000, 0x0000000096800000, 0x0000000096800000|100%| O|  |TAMS 0x0000000096800000, 0x0000000096700000| Untracked 
| 360|0x0000000096800000, 0x0000000096900000, 0x0000000096900000|100%| O|  |TAMS 0x0000000096900000, 0x0000000096800000| Untracked 
| 361|0x0000000096900000, 0x0000000096a00000, 0x0000000096a00000|100%| O|  |TAMS 0x0000000096a00000, 0x0000000096900000| Untracked 
| 362|0x0000000096a00000, 0x0000000096b00000, 0x0000000096b00000|100%| O|  |TAMS 0x0000000096b00000, 0x0000000096a00000| Untracked 
| 363|0x0000000096b00000, 0x0000000096c00000, 0x0000000096c00000|100%| O|  |TAMS 0x0000000096c00000, 0x0000000096b00000| Untracked 
| 364|0x0000000096c00000, 0x0000000096d00000, 0x0000000096d00000|100%| O|  |TAMS 0x0000000096d00000, 0x0000000096c00000| Untracked 
| 365|0x0000000096d00000, 0x0000000096e00000, 0x0000000096e00000|100%| O|  |TAMS 0x0000000096e00000, 0x0000000096d00000| Untracked 
| 366|0x0000000096e00000, 0x0000000096f00000, 0x0000000096f00000|100%| O|  |TAMS 0x0000000096f00000, 0x0000000096e00000| Untracked 
| 367|0x0000000096f00000, 0x0000000097000000, 0x0000000097000000|100%| O|  |TAMS 0x0000000097000000, 0x0000000096f00000| Untracked 
| 368|0x0000000097000000, 0x0000000097100000, 0x0000000097100000|100%| O|  |TAMS 0x0000000097100000, 0x0000000097000000| Untracked 
| 369|0x0000000097100000, 0x0000000097200000, 0x0000000097200000|100%| O|  |TAMS 0x0000000097200000, 0x0000000097100000| Untracked 
| 370|0x0000000097200000, 0x0000000097300000, 0x0000000097300000|100%| O|  |TAMS 0x0000000097300000, 0x0000000097200000| Untracked 
| 371|0x0000000097300000, 0x0000000097300000, 0x0000000097400000|  0%| F|  |TAMS 0x0000000097300000, 0x0000000097300000| Untracked 
| 372|0x0000000097400000, 0x0000000097500000, 0x0000000097500000|100%|HS|  |TAMS 0x0000000097500000, 0x0000000097400000| Complete 
| 373|0x0000000097500000, 0x0000000097600000, 0x0000000097600000|100%|HC|  |TAMS 0x0000000097600000, 0x0000000097500000| Complete 
| 374|0x0000000097600000, 0x0000000097700000, 0x0000000097700000|100%|HC|  |TAMS 0x0000000097700000, 0x0000000097600000| Complete 
| 375|0x0000000097700000, 0x0000000097800000, 0x0000000097800000|100%| O|  |TAMS 0x0000000097700000, 0x0000000097700000| Untracked 
| 376|0x0000000097800000, 0x0000000097900000, 0x0000000097900000|100%| O|  |TAMS 0x0000000097800000, 0x0000000097800000| Untracked 
| 377|0x0000000097900000, 0x0000000097a00000, 0x0000000097a00000|100%| O|  |TAMS 0x0000000097a00000, 0x0000000097900000| Untracked 
| 378|0x0000000097a00000, 0x0000000097b00000, 0x0000000097b00000|100%| O|  |TAMS 0x0000000097b00000, 0x0000000097a00000| Untracked 
| 379|0x0000000097b00000, 0x0000000097c00000, 0x0000000097c00000|100%| O|  |TAMS 0x0000000097c00000, 0x0000000097b00000| Untracked 
| 380|0x0000000097c00000, 0x0000000097d00000, 0x0000000097d00000|100%| O|  |TAMS 0x0000000097c00000, 0x0000000097c00000| Untracked 
| 381|0x0000000097d00000, 0x0000000097d08800, 0x0000000097e00000|  3%| O|  |TAMS 0x0000000097d00000, 0x0000000097d00000| Untracked 
| 382|0x0000000097e00000, 0x0000000097f00000, 0x0000000097f00000|100%| O|  |TAMS 0x0000000097f00000, 0x0000000097e00000| Untracked 
| 383|0x0000000097f00000, 0x0000000097f00000, 0x0000000098000000|  0%| F|  |TAMS 0x0000000097f00000, 0x0000000097f00000| Untracked 
| 384|0x0000000098000000, 0x0000000098100000, 0x0000000098100000|100%| O|  |TAMS 0x0000000098100000, 0x0000000098000000| Untracked 
| 385|0x0000000098100000, 0x0000000098100000, 0x0000000098200000|  0%| F|  |TAMS 0x0000000098100000, 0x0000000098100000| Untracked 
| 386|0x0000000098200000, 0x0000000098300000, 0x0000000098300000|100%| O|  |TAMS 0x0000000098300000, 0x0000000098200000| Untracked 
| 387|0x0000000098300000, 0x0000000098300000, 0x0000000098400000|  0%| F|  |TAMS 0x0000000098300000, 0x0000000098300000| Untracked 
| 388|0x0000000098400000, 0x0000000098500000, 0x0000000098500000|100%| O|  |TAMS 0x0000000098500000, 0x0000000098400000| Untracked 
| 389|0x0000000098500000, 0x0000000098500000, 0x0000000098600000|  0%| F|  |TAMS 0x0000000098500000, 0x0000000098500000| Untracked 
| 390|0x0000000098600000, 0x0000000098700000, 0x0000000098700000|100%| O|  |TAMS 0x0000000098700000, 0x0000000098600000| Untracked 
| 391|0x0000000098700000, 0x0000000098700000, 0x0000000098800000|  0%| F|  |TAMS 0x0000000098700000, 0x0000000098700000| Untracked 
| 392|0x0000000098800000, 0x0000000098900000, 0x0000000098900000|100%|HS|  |TAMS 0x0000000098900000, 0x0000000098800000| Complete 
| 393|0x0000000098900000, 0x0000000098a00000, 0x0000000098a00000|100%|HC|  |TAMS 0x0000000098a00000, 0x0000000098900000| Complete 
| 394|0x0000000098a00000, 0x0000000098b00000, 0x0000000098b00000|100%| O|  |TAMS 0x0000000098b00000, 0x0000000098a00000| Untracked 
| 395|0x0000000098b00000, 0x0000000098b00000, 0x0000000098c00000|  0%| F|  |TAMS 0x0000000098b00000, 0x0000000098b00000| Untracked 
| 396|0x0000000098c00000, 0x0000000098c00000, 0x0000000098d00000|  0%| F|  |TAMS 0x0000000098c00000, 0x0000000098c00000| Untracked 
| 397|0x0000000098d00000, 0x0000000098e00000, 0x0000000098e00000|100%| O|  |TAMS 0x0000000098e00000, 0x0000000098d00000| Untracked 
| 398|0x0000000098e00000, 0x0000000098f00000, 0x0000000098f00000|100%| O|  |TAMS 0x0000000098f00000, 0x0000000098e00000| Untracked 
| 399|0x0000000098f00000, 0x0000000099000000, 0x0000000099000000|100%| O|  |TAMS 0x0000000099000000, 0x0000000098f00000| Untracked 
| 400|0x0000000099000000, 0x0000000099000000, 0x0000000099100000|  0%| F|  |TAMS 0x0000000099000000, 0x0000000099000000| Untracked 
| 401|0x0000000099100000, 0x0000000099100000, 0x0000000099200000|  0%| F|  |TAMS 0x0000000099100000, 0x0000000099100000| Untracked 
| 402|0x0000000099200000, 0x0000000099300000, 0x0000000099300000|100%| O|  |TAMS 0x0000000099300000, 0x0000000099200000| Untracked 
| 403|0x0000000099300000, 0x0000000099400000, 0x0000000099400000|100%| O|  |TAMS 0x0000000099400000, 0x0000000099300000| Untracked 
| 404|0x0000000099400000, 0x0000000099500000, 0x0000000099500000|100%| O|  |TAMS 0x0000000099500000, 0x0000000099400000| Untracked 
| 405|0x0000000099500000, 0x0000000099600000, 0x0000000099600000|100%| O|  |TAMS 0x0000000099600000, 0x0000000099500000| Untracked 
| 406|0x0000000099600000, 0x0000000099700000, 0x0000000099700000|100%| O|  |TAMS 0x0000000099700000, 0x0000000099600000| Untracked 
| 407|0x0000000099700000, 0x0000000099800000, 0x0000000099800000|100%| O|  |TAMS 0x0000000099800000, 0x0000000099700000| Untracked 
| 408|0x0000000099800000, 0x0000000099800000, 0x0000000099900000|  0%| F|  |TAMS 0x0000000099800000, 0x0000000099800000| Untracked 
| 409|0x0000000099900000, 0x0000000099900000, 0x0000000099a00000|  0%| F|  |TAMS 0x0000000099900000, 0x0000000099900000| Untracked 
| 410|0x0000000099a00000, 0x0000000099a00000, 0x0000000099b00000|  0%| F|  |TAMS 0x0000000099a00000, 0x0000000099a00000| Untracked 
| 411|0x0000000099b00000, 0x0000000099b00000, 0x0000000099c00000|  0%| F|  |TAMS 0x0000000099b00000, 0x0000000099b00000| Untracked 
| 412|0x0000000099c00000, 0x0000000099c00000, 0x0000000099d00000|  0%| F|  |TAMS 0x0000000099c00000, 0x0000000099c00000| Untracked 
| 413|0x0000000099d00000, 0x0000000099e00000, 0x0000000099e00000|100%| O|  |TAMS 0x0000000099e00000, 0x0000000099d00000| Untracked 
| 414|0x0000000099e00000, 0x0000000099f00000, 0x0000000099f00000|100%| O|  |TAMS 0x0000000099f00000, 0x0000000099e00000| Untracked 
| 415|0x0000000099f00000, 0x000000009a000000, 0x000000009a000000|100%| O|  |TAMS 0x000000009a000000, 0x0000000099f00000| Untracked 
| 416|0x000000009a000000, 0x000000009a100000, 0x000000009a100000|100%| O|  |TAMS 0x000000009a100000, 0x000000009a000000| Untracked 
| 417|0x000000009a100000, 0x000000009a200000, 0x000000009a200000|100%| O|  |TAMS 0x000000009a200000, 0x000000009a100000| Untracked 
| 418|0x000000009a200000, 0x000000009a300000, 0x000000009a300000|100%| O|  |TAMS 0x000000009a300000, 0x000000009a200000| Untracked 
| 419|0x000000009a300000, 0x000000009a400000, 0x000000009a400000|100%| O|  |TAMS 0x000000009a400000, 0x000000009a300000| Untracked 
| 420|0x000000009a400000, 0x000000009a500000, 0x000000009a500000|100%| O|  |TAMS 0x000000009a500000, 0x000000009a400000| Untracked 
| 421|0x000000009a500000, 0x000000009a600000, 0x000000009a600000|100%| O|  |TAMS 0x000000009a600000, 0x000000009a500000| Untracked 
| 422|0x000000009a600000, 0x000000009a700000, 0x000000009a700000|100%| O|  |TAMS 0x000000009a700000, 0x000000009a600000| Untracked 
| 423|0x000000009a700000, 0x000000009a800000, 0x000000009a800000|100%| O|  |TAMS 0x000000009a800000, 0x000000009a700000| Untracked 
| 424|0x000000009a800000, 0x000000009a900000, 0x000000009a900000|100%| O|  |TAMS 0x000000009a900000, 0x000000009a800000| Untracked 
| 425|0x000000009a900000, 0x000000009aa00000, 0x000000009aa00000|100%| O|  |TAMS 0x000000009aa00000, 0x000000009a900000| Untracked 
| 426|0x000000009aa00000, 0x000000009ab00000, 0x000000009ab00000|100%| O|  |TAMS 0x000000009ab00000, 0x000000009aa00000| Untracked 
| 427|0x000000009ab00000, 0x000000009ac00000, 0x000000009ac00000|100%| O|  |TAMS 0x000000009ac00000, 0x000000009ab00000| Untracked 
| 428|0x000000009ac00000, 0x000000009ad00000, 0x000000009ad00000|100%| O|  |TAMS 0x000000009ad00000, 0x000000009ac00000| Untracked 
| 429|0x000000009ad00000, 0x000000009ae00000, 0x000000009ae00000|100%| O|  |TAMS 0x000000009ae00000, 0x000000009ad00000| Untracked 
| 430|0x000000009ae00000, 0x000000009af00000, 0x000000009af00000|100%| O|  |TAMS 0x000000009af00000, 0x000000009ae00000| Untracked 
| 431|0x000000009af00000, 0x000000009b000000, 0x000000009b000000|100%| O|  |TAMS 0x000000009b000000, 0x000000009af00000| Untracked 
| 432|0x000000009b000000, 0x000000009b100000, 0x000000009b100000|100%| O|  |TAMS 0x000000009b100000, 0x000000009b000000| Untracked 
| 433|0x000000009b100000, 0x000000009b200000, 0x000000009b200000|100%| O|  |TAMS 0x000000009b200000, 0x000000009b100000| Untracked 
| 434|0x000000009b200000, 0x000000009b300000, 0x000000009b300000|100%| O|  |TAMS 0x000000009b300000, 0x000000009b200000| Untracked 
| 435|0x000000009b300000, 0x000000009b400000, 0x000000009b400000|100%| O|  |TAMS 0x000000009b400000, 0x000000009b300000| Untracked 
| 436|0x000000009b400000, 0x000000009b500000, 0x000000009b500000|100%| O|  |TAMS 0x000000009b500000, 0x000000009b400000| Untracked 
| 437|0x000000009b500000, 0x000000009b600000, 0x000000009b600000|100%| O|  |TAMS 0x000000009b600000, 0x000000009b500000| Untracked 
| 438|0x000000009b600000, 0x000000009b700000, 0x000000009b700000|100%| O|  |TAMS 0x000000009b700000, 0x000000009b600000| Untracked 
| 439|0x000000009b700000, 0x000000009b800000, 0x000000009b800000|100%| O|  |TAMS 0x000000009b800000, 0x000000009b700000| Untracked 
| 440|0x000000009b800000, 0x000000009b900000, 0x000000009b900000|100%| O|  |TAMS 0x000000009b900000, 0x000000009b800000| Untracked 
| 441|0x000000009b900000, 0x000000009ba00000, 0x000000009ba00000|100%| O|  |TAMS 0x000000009ba00000, 0x000000009b900000| Untracked 
| 442|0x000000009ba00000, 0x000000009bb00000, 0x000000009bb00000|100%| O|  |TAMS 0x000000009bb00000, 0x000000009ba00000| Untracked 
| 443|0x000000009bb00000, 0x000000009bb00000, 0x000000009bc00000|  0%| F|  |TAMS 0x000000009bb00000, 0x000000009bb00000| Untracked 
| 444|0x000000009bc00000, 0x000000009bd00000, 0x000000009bd00000|100%| O|  |TAMS 0x000000009bd00000, 0x000000009bc00000| Untracked 
| 445|0x000000009bd00000, 0x000000009be00000, 0x000000009be00000|100%| O|  |TAMS 0x000000009be00000, 0x000000009bd00000| Untracked 
| 446|0x000000009be00000, 0x000000009bf00000, 0x000000009bf00000|100%| O|  |TAMS 0x000000009bf00000, 0x000000009be00000| Untracked 
| 447|0x000000009bf00000, 0x000000009c000000, 0x000000009c000000|100%| O|  |TAMS 0x000000009c000000, 0x000000009bf00000| Untracked 
| 448|0x000000009c000000, 0x000000009c100000, 0x000000009c100000|100%| O|  |TAMS 0x000000009c100000, 0x000000009c000000| Untracked 
| 449|0x000000009c100000, 0x000000009c100000, 0x000000009c200000|  0%| F|  |TAMS 0x000000009c100000, 0x000000009c100000| Untracked 
| 450|0x000000009c200000, 0x000000009c200000, 0x000000009c300000|  0%| F|  |TAMS 0x000000009c200000, 0x000000009c200000| Untracked 
| 451|0x000000009c300000, 0x000000009c300000, 0x000000009c400000|  0%| F|  |TAMS 0x000000009c300000, 0x000000009c300000| Untracked 
| 452|0x000000009c400000, 0x000000009c400000, 0x000000009c500000|  0%| F|  |TAMS 0x000000009c400000, 0x000000009c400000| Untracked 
| 453|0x000000009c500000, 0x000000009c500000, 0x000000009c600000|  0%| F|  |TAMS 0x000000009c500000, 0x000000009c500000| Untracked 
| 454|0x000000009c600000, 0x000000009c600000, 0x000000009c700000|  0%| F|  |TAMS 0x000000009c600000, 0x000000009c600000| Untracked 
| 455|0x000000009c700000, 0x000000009c700000, 0x000000009c800000|  0%| F|  |TAMS 0x000000009c700000, 0x000000009c700000| Untracked 
| 456|0x000000009c800000, 0x000000009c800000, 0x000000009c900000|  0%| F|  |TAMS 0x000000009c800000, 0x000000009c800000| Untracked 
| 457|0x000000009c900000, 0x000000009c900000, 0x000000009ca00000|  0%| F|  |TAMS 0x000000009c900000, 0x000000009c900000| Untracked 
| 458|0x000000009ca00000, 0x000000009ca00000, 0x000000009cb00000|  0%| F|  |TAMS 0x000000009ca00000, 0x000000009ca00000| Untracked 
| 459|0x000000009cb00000, 0x000000009cc00000, 0x000000009cc00000|100%| O|  |TAMS 0x000000009cc00000, 0x000000009cb00000| Untracked 
| 460|0x000000009cc00000, 0x000000009cd00000, 0x000000009cd00000|100%| O|  |TAMS 0x000000009cd00000, 0x000000009cc00000| Untracked 
| 461|0x000000009cd00000, 0x000000009ce00000, 0x000000009ce00000|100%| O|  |TAMS 0x000000009ce00000, 0x000000009cd00000| Untracked 
| 462|0x000000009ce00000, 0x000000009cf00000, 0x000000009cf00000|100%| O|  |TAMS 0x000000009cf00000, 0x000000009ce00000| Untracked 
| 463|0x000000009cf00000, 0x000000009d000000, 0x000000009d000000|100%| O|  |TAMS 0x000000009d000000, 0x000000009cf00000| Untracked 
| 464|0x000000009d000000, 0x000000009d100000, 0x000000009d100000|100%| O|  |TAMS 0x000000009d100000, 0x000000009d000000| Untracked 
| 465|0x000000009d100000, 0x000000009d200000, 0x000000009d200000|100%| O|  |TAMS 0x000000009d200000, 0x000000009d100000| Untracked 
| 466|0x000000009d200000, 0x000000009d300000, 0x000000009d300000|100%| O|  |TAMS 0x000000009d300000, 0x000000009d200000| Untracked 
| 467|0x000000009d300000, 0x000000009d400000, 0x000000009d400000|100%| O|  |TAMS 0x000000009d400000, 0x000000009d300000| Untracked 
| 468|0x000000009d400000, 0x000000009d500000, 0x000000009d500000|100%|HS|  |TAMS 0x000000009d500000, 0x000000009d400000| Complete 
| 469|0x000000009d500000, 0x000000009d600000, 0x000000009d600000|100%|HC|  |TAMS 0x000000009d600000, 0x000000009d500000| Complete 
| 470|0x000000009d600000, 0x000000009d700000, 0x000000009d700000|100%|HC|  |TAMS 0x000000009d700000, 0x000000009d600000| Complete 
| 471|0x000000009d700000, 0x000000009d800000, 0x000000009d800000|100%|HC|  |TAMS 0x000000009d800000, 0x000000009d700000| Complete 
| 472|0x000000009d800000, 0x000000009d900000, 0x000000009d900000|100%|HC|  |TAMS 0x000000009d900000, 0x000000009d800000| Complete 
| 473|0x000000009d900000, 0x000000009da00000, 0x000000009da00000|100%|HC|  |TAMS 0x000000009da00000, 0x000000009d900000| Complete 
| 474|0x000000009da00000, 0x000000009db00000, 0x000000009db00000|100%|HC|  |TAMS 0x000000009db00000, 0x000000009da00000| Complete 
| 475|0x000000009db00000, 0x000000009dc00000, 0x000000009dc00000|100%| O|  |TAMS 0x000000009dc00000, 0x000000009db00000| Untracked 
| 476|0x000000009dc00000, 0x000000009dd00000, 0x000000009dd00000|100%| O|  |TAMS 0x000000009dd00000, 0x000000009dc00000| Untracked 
| 477|0x000000009dd00000, 0x000000009de00000, 0x000000009de00000|100%| O|  |TAMS 0x000000009de00000, 0x000000009dd00000| Untracked 
| 478|0x000000009de00000, 0x000000009df00000, 0x000000009df00000|100%| O|  |TAMS 0x000000009df00000, 0x000000009de00000| Untracked 
| 479|0x000000009df00000, 0x000000009e000000, 0x000000009e000000|100%| O|  |TAMS 0x000000009e000000, 0x000000009df00000| Untracked 
| 480|0x000000009e000000, 0x000000009e100000, 0x000000009e100000|100%| O|  |TAMS 0x000000009e100000, 0x000000009e000000| Untracked 
| 481|0x000000009e100000, 0x000000009e200000, 0x000000009e200000|100%| O|  |TAMS 0x000000009e200000, 0x000000009e100000| Untracked 
| 482|0x000000009e200000, 0x000000009e300000, 0x000000009e300000|100%| O|  |TAMS 0x000000009e300000, 0x000000009e200000| Untracked 
| 483|0x000000009e300000, 0x000000009e400000, 0x000000009e400000|100%| O|  |TAMS 0x000000009e400000, 0x000000009e300000| Untracked 
| 484|0x000000009e400000, 0x000000009e500000, 0x000000009e500000|100%| O|  |TAMS 0x000000009e500000, 0x000000009e400000| Untracked 
| 485|0x000000009e500000, 0x000000009e600000, 0x000000009e600000|100%| O|  |TAMS 0x000000009e600000, 0x000000009e500000| Untracked 
| 486|0x000000009e600000, 0x000000009e700000, 0x000000009e700000|100%| O|  |TAMS 0x000000009e700000, 0x000000009e600000| Untracked 
| 487|0x000000009e700000, 0x000000009e800000, 0x000000009e800000|100%| O|  |TAMS 0x000000009e800000, 0x000000009e700000| Untracked 
| 488|0x000000009e800000, 0x000000009e900000, 0x000000009e900000|100%| O|  |TAMS 0x000000009e900000, 0x000000009e800000| Untracked 
| 489|0x000000009e900000, 0x000000009ea00000, 0x000000009ea00000|100%| O|  |TAMS 0x000000009ea00000, 0x000000009e900000| Untracked 
| 490|0x000000009ea00000, 0x000000009eb00000, 0x000000009eb00000|100%| O|  |TAMS 0x000000009eb00000, 0x000000009ea00000| Untracked 
| 491|0x000000009eb00000, 0x000000009ec00000, 0x000000009ec00000|100%| O|  |TAMS 0x000000009ec00000, 0x000000009eb00000| Untracked 
| 492|0x000000009ec00000, 0x000000009ed00000, 0x000000009ed00000|100%| O|  |TAMS 0x000000009ed00000, 0x000000009ec00000| Untracked 
| 493|0x000000009ed00000, 0x000000009ee00000, 0x000000009ee00000|100%| O|  |TAMS 0x000000009ee00000, 0x000000009ed00000| Untracked 
| 494|0x000000009ee00000, 0x000000009ef00000, 0x000000009ef00000|100%| O|  |TAMS 0x000000009ef00000, 0x000000009ee00000| Untracked 
| 495|0x000000009ef00000, 0x000000009f000000, 0x000000009f000000|100%| O|  |TAMS 0x000000009f000000, 0x000000009ef00000| Untracked 
| 496|0x000000009f000000, 0x000000009f100000, 0x000000009f100000|100%| O|  |TAMS 0x000000009f100000, 0x000000009f000000| Untracked 
| 497|0x000000009f100000, 0x000000009f200000, 0x000000009f200000|100%| O|  |TAMS 0x000000009f200000, 0x000000009f100000| Untracked 
| 498|0x000000009f200000, 0x000000009f300000, 0x000000009f300000|100%| O|  |TAMS 0x000000009f300000, 0x000000009f200000| Untracked 
| 499|0x000000009f300000, 0x000000009f400000, 0x000000009f400000|100%| O|  |TAMS 0x000000009f400000, 0x000000009f300000| Untracked 
| 500|0x000000009f400000, 0x000000009f500000, 0x000000009f500000|100%| O|  |TAMS 0x000000009f500000, 0x000000009f400000| Untracked 
| 501|0x000000009f500000, 0x000000009f600000, 0x000000009f600000|100%| O|  |TAMS 0x000000009f600000, 0x000000009f500000| Untracked 
| 502|0x000000009f600000, 0x000000009f700000, 0x000000009f700000|100%| O|  |TAMS 0x000000009f700000, 0x000000009f600000| Untracked 
| 503|0x000000009f700000, 0x000000009f800000, 0x000000009f800000|100%| O|  |TAMS 0x000000009f800000, 0x000000009f700000| Untracked 
| 504|0x000000009f800000, 0x000000009f900000, 0x000000009f900000|100%| O|  |TAMS 0x000000009f900000, 0x000000009f800000| Untracked 
| 505|0x000000009f900000, 0x000000009fa00000, 0x000000009fa00000|100%| O|  |TAMS 0x000000009fa00000, 0x000000009f900000| Untracked 
| 506|0x000000009fa00000, 0x000000009fb00000, 0x000000009fb00000|100%| O|  |TAMS 0x000000009fb00000, 0x000000009fa00000| Untracked 
| 507|0x000000009fb00000, 0x000000009fc00000, 0x000000009fc00000|100%| O|  |TAMS 0x000000009fc00000, 0x000000009fb00000| Untracked 
| 508|0x000000009fc00000, 0x000000009fd00000, 0x000000009fd00000|100%| O|  |TAMS 0x000000009fd00000, 0x000000009fc00000| Untracked 
| 509|0x000000009fd00000, 0x000000009fe00000, 0x000000009fe00000|100%| O|  |TAMS 0x000000009fe00000, 0x000000009fd00000| Untracked 
| 510|0x000000009fe00000, 0x000000009ff00000, 0x000000009ff00000|100%| O|  |TAMS 0x000000009ff00000, 0x000000009fe00000| Untracked 
| 511|0x000000009ff00000, 0x00000000a0000000, 0x00000000a0000000|100%| O|  |TAMS 0x00000000a0000000, 0x000000009ff00000| Untracked 
| 512|0x00000000a0000000, 0x00000000a0100000, 0x00000000a0100000|100%| O|  |TAMS 0x00000000a0100000, 0x00000000a0000000| Untracked 
| 513|0x00000000a0100000, 0x00000000a0200000, 0x00000000a0200000|100%| O|  |TAMS 0x00000000a0200000, 0x00000000a0100000| Untracked 
| 514|0x00000000a0200000, 0x00000000a0300000, 0x00000000a0300000|100%| O|  |TAMS 0x00000000a0300000, 0x00000000a0200000| Untracked 
| 515|0x00000000a0300000, 0x00000000a0400000, 0x00000000a0400000|100%| O|  |TAMS 0x00000000a0400000, 0x00000000a0300000| Untracked 
| 516|0x00000000a0400000, 0x00000000a0500000, 0x00000000a0500000|100%| O|  |TAMS 0x00000000a0500000, 0x00000000a0400000| Untracked 
| 517|0x00000000a0500000, 0x00000000a0600000, 0x00000000a0600000|100%| O|  |TAMS 0x00000000a0600000, 0x00000000a0500000| Untracked 
| 518|0x00000000a0600000, 0x00000000a0700000, 0x00000000a0700000|100%| O|  |TAMS 0x00000000a0700000, 0x00000000a0600000| Untracked 
| 519|0x00000000a0700000, 0x00000000a0800000, 0x00000000a0800000|100%| O|  |TAMS 0x00000000a0800000, 0x00000000a0700000| Untracked 
| 520|0x00000000a0800000, 0x00000000a0900000, 0x00000000a0900000|100%| O|  |TAMS 0x00000000a0900000, 0x00000000a0800000| Untracked 
| 521|0x00000000a0900000, 0x00000000a0a00000, 0x00000000a0a00000|100%| O|  |TAMS 0x00000000a0a00000, 0x00000000a0900000| Untracked 
| 522|0x00000000a0a00000, 0x00000000a0b00000, 0x00000000a0b00000|100%| O|  |TAMS 0x00000000a0b00000, 0x00000000a0a00000| Untracked 
| 523|0x00000000a0b00000, 0x00000000a0c00000, 0x00000000a0c00000|100%| O|  |TAMS 0x00000000a0c00000, 0x00000000a0b00000| Untracked 
| 524|0x00000000a0c00000, 0x00000000a0d00000, 0x00000000a0d00000|100%| O|  |TAMS 0x00000000a0d00000, 0x00000000a0c00000| Untracked 
| 525|0x00000000a0d00000, 0x00000000a0e00000, 0x00000000a0e00000|100%| O|  |TAMS 0x00000000a0e00000, 0x00000000a0d00000| Untracked 
| 526|0x00000000a0e00000, 0x00000000a0f00000, 0x00000000a0f00000|100%| O|  |TAMS 0x00000000a0f00000, 0x00000000a0e00000| Untracked 
| 527|0x00000000a0f00000, 0x00000000a1000000, 0x00000000a1000000|100%| O|  |TAMS 0x00000000a1000000, 0x00000000a0f00000| Untracked 
| 528|0x00000000a1000000, 0x00000000a1100000, 0x00000000a1100000|100%| O|  |TAMS 0x00000000a1100000, 0x00000000a1000000| Untracked 
| 529|0x00000000a1100000, 0x00000000a1200000, 0x00000000a1200000|100%| O|  |TAMS 0x00000000a1200000, 0x00000000a1100000| Untracked 
| 530|0x00000000a1200000, 0x00000000a1300000, 0x00000000a1300000|100%| O|  |TAMS 0x00000000a1300000, 0x00000000a1200000| Untracked 
| 531|0x00000000a1300000, 0x00000000a1400000, 0x00000000a1400000|100%| O|  |TAMS 0x00000000a1400000, 0x00000000a1300000| Untracked 
| 532|0x00000000a1400000, 0x00000000a1400000, 0x00000000a1500000|  0%| F|  |TAMS 0x00000000a1400000, 0x00000000a1400000| Untracked 
| 533|0x00000000a1500000, 0x00000000a1500000, 0x00000000a1600000|  0%| F|  |TAMS 0x00000000a1500000, 0x00000000a1500000| Untracked 
| 534|0x00000000a1600000, 0x00000000a1700000, 0x00000000a1700000|100%| O|  |TAMS 0x00000000a1700000, 0x00000000a1600000| Untracked 
| 535|0x00000000a1700000, 0x00000000a1800000, 0x00000000a1800000|100%| O|  |TAMS 0x00000000a1800000, 0x00000000a1700000| Untracked 
| 536|0x00000000a1800000, 0x00000000a1900000, 0x00000000a1900000|100%| O|  |TAMS 0x00000000a1900000, 0x00000000a1800000| Untracked 
| 537|0x00000000a1900000, 0x00000000a1a00000, 0x00000000a1a00000|100%| O|  |TAMS 0x00000000a1a00000, 0x00000000a1900000| Untracked 
| 538|0x00000000a1a00000, 0x00000000a1a00000, 0x00000000a1b00000|  0%| F|  |TAMS 0x00000000a1a00000, 0x00000000a1a00000| Untracked 
| 539|0x00000000a1b00000, 0x00000000a1b00000, 0x00000000a1c00000|  0%| F|  |TAMS 0x00000000a1b00000, 0x00000000a1b00000| Untracked 
| 540|0x00000000a1c00000, 0x00000000a1d00000, 0x00000000a1d00000|100%| O|  |TAMS 0x00000000a1d00000, 0x00000000a1c00000| Untracked 
| 541|0x00000000a1d00000, 0x00000000a1e00000, 0x00000000a1e00000|100%| O|  |TAMS 0x00000000a1e00000, 0x00000000a1d00000| Untracked 
| 542|0x00000000a1e00000, 0x00000000a1f00000, 0x00000000a1f00000|100%| O|  |TAMS 0x00000000a1f00000, 0x00000000a1e00000| Untracked 
| 543|0x00000000a1f00000, 0x00000000a2000000, 0x00000000a2000000|100%| O|  |TAMS 0x00000000a2000000, 0x00000000a1f00000| Untracked 
| 544|0x00000000a2000000, 0x00000000a2100000, 0x00000000a2100000|100%| O|  |TAMS 0x00000000a2100000, 0x00000000a2000000| Untracked 
| 545|0x00000000a2100000, 0x00000000a2200000, 0x00000000a2200000|100%| O|  |TAMS 0x00000000a2200000, 0x00000000a2100000| Untracked 
| 546|0x00000000a2200000, 0x00000000a2300000, 0x00000000a2300000|100%| O|  |TAMS 0x00000000a2300000, 0x00000000a2200000| Untracked 
| 547|0x00000000a2300000, 0x00000000a2400000, 0x00000000a2400000|100%| O|  |TAMS 0x00000000a2400000, 0x00000000a2300000| Untracked 
| 548|0x00000000a2400000, 0x00000000a2500000, 0x00000000a2500000|100%| O|  |TAMS 0x00000000a2500000, 0x00000000a2400000| Untracked 
| 549|0x00000000a2500000, 0x00000000a2600000, 0x00000000a2600000|100%| O|  |TAMS 0x00000000a2600000, 0x00000000a2500000| Untracked 
| 550|0x00000000a2600000, 0x00000000a2700000, 0x00000000a2700000|100%| O|  |TAMS 0x00000000a2700000, 0x00000000a2600000| Untracked 
| 551|0x00000000a2700000, 0x00000000a2800000, 0x00000000a2800000|100%| O|  |TAMS 0x00000000a2800000, 0x00000000a2700000| Untracked 
| 552|0x00000000a2800000, 0x00000000a2900000, 0x00000000a2900000|100%| O|  |TAMS 0x00000000a2900000, 0x00000000a2800000| Untracked 
| 553|0x00000000a2900000, 0x00000000a2a00000, 0x00000000a2a00000|100%| O|  |TAMS 0x00000000a2a00000, 0x00000000a2900000| Untracked 
| 554|0x00000000a2a00000, 0x00000000a2b00000, 0x00000000a2b00000|100%| O|  |TAMS 0x00000000a2b00000, 0x00000000a2a00000| Untracked 
| 555|0x00000000a2b00000, 0x00000000a2c00000, 0x00000000a2c00000|100%| O|  |TAMS 0x00000000a2c00000, 0x00000000a2b00000| Untracked 
| 556|0x00000000a2c00000, 0x00000000a2d00000, 0x00000000a2d00000|100%| O|  |TAMS 0x00000000a2d00000, 0x00000000a2c00000| Untracked 
| 557|0x00000000a2d00000, 0x00000000a2e00000, 0x00000000a2e00000|100%| O|  |TAMS 0x00000000a2e00000, 0x00000000a2d00000| Untracked 
| 558|0x00000000a2e00000, 0x00000000a2f00000, 0x00000000a2f00000|100%| O|  |TAMS 0x00000000a2f00000, 0x00000000a2e00000| Untracked 
| 559|0x00000000a2f00000, 0x00000000a3000000, 0x00000000a3000000|100%| O|  |TAMS 0x00000000a3000000, 0x00000000a2f00000| Untracked 
| 560|0x00000000a3000000, 0x00000000a3100000, 0x00000000a3100000|100%| O|  |TAMS 0x00000000a3100000, 0x00000000a3000000| Untracked 
| 561|0x00000000a3100000, 0x00000000a3200000, 0x00000000a3200000|100%| O|  |TAMS 0x00000000a3200000, 0x00000000a3100000| Untracked 
| 562|0x00000000a3200000, 0x00000000a3300000, 0x00000000a3300000|100%| O|  |TAMS 0x00000000a3300000, 0x00000000a3200000| Untracked 
| 563|0x00000000a3300000, 0x00000000a3400000, 0x00000000a3400000|100%| O|  |TAMS 0x00000000a3400000, 0x00000000a3300000| Untracked 
| 564|0x00000000a3400000, 0x00000000a3500000, 0x00000000a3500000|100%| O|  |TAMS 0x00000000a3500000, 0x00000000a3400000| Untracked 
| 565|0x00000000a3500000, 0x00000000a3600000, 0x00000000a3600000|100%| O|  |TAMS 0x00000000a3600000, 0x00000000a3500000| Untracked 
| 566|0x00000000a3600000, 0x00000000a3600000, 0x00000000a3700000|  0%| F|  |TAMS 0x00000000a3600000, 0x00000000a3600000| Untracked 
| 567|0x00000000a3700000, 0x00000000a3700000, 0x00000000a3800000|  0%| F|  |TAMS 0x00000000a3700000, 0x00000000a3700000| Untracked 
| 568|0x00000000a3800000, 0x00000000a3800000, 0x00000000a3900000|  0%| F|  |TAMS 0x00000000a3800000, 0x00000000a3800000| Untracked 
| 569|0x00000000a3900000, 0x00000000a3900000, 0x00000000a3a00000|  0%| F|  |TAMS 0x00000000a3900000, 0x00000000a3900000| Untracked 
| 570|0x00000000a3a00000, 0x00000000a3b00000, 0x00000000a3b00000|100%| O|  |TAMS 0x00000000a3a80000, 0x00000000a3a00000| Untracked 
| 571|0x00000000a3b00000, 0x00000000a3c00000, 0x00000000a3c00000|100%| O|  |TAMS 0x00000000a3b00000, 0x00000000a3b00000| Untracked 
| 572|0x00000000a3c00000, 0x00000000a3d00000, 0x00000000a3d00000|100%| O|  |TAMS 0x00000000a3c00000, 0x00000000a3c00000| Untracked 
| 573|0x00000000a3d00000, 0x00000000a3e00000, 0x00000000a3e00000|100%| O|  |TAMS 0x00000000a3d00000, 0x00000000a3d00000| Untracked 
| 574|0x00000000a3e00000, 0x00000000a3f00000, 0x00000000a3f00000|100%| O|  |TAMS 0x00000000a3e00000, 0x00000000a3e00000| Untracked 
| 575|0x00000000a3f00000, 0x00000000a4000000, 0x00000000a4000000|100%| O|  |TAMS 0x00000000a3f00000, 0x00000000a3f00000| Untracked 
| 576|0x00000000a4000000, 0x00000000a4100000, 0x00000000a4100000|100%| O|  |TAMS 0x00000000a4000000, 0x00000000a4000000| Untracked 
| 577|0x00000000a4100000, 0x00000000a4200000, 0x00000000a4200000|100%| O|  |TAMS 0x00000000a4100000, 0x00000000a4100000| Untracked 
| 578|0x00000000a4200000, 0x00000000a4300000, 0x00000000a4300000|100%| O|  |TAMS 0x00000000a4200000, 0x00000000a4200000| Untracked 
| 579|0x00000000a4300000, 0x00000000a4400000, 0x00000000a4400000|100%| O|  |TAMS 0x00000000a4300000, 0x00000000a4300000| Untracked 
| 580|0x00000000a4400000, 0x00000000a4500000, 0x00000000a4500000|100%| O|  |TAMS 0x00000000a4400000, 0x00000000a4400000| Untracked 
| 581|0x00000000a4500000, 0x00000000a4600000, 0x00000000a4600000|100%| O|  |TAMS 0x00000000a4500000, 0x00000000a4500000| Untracked 
| 582|0x00000000a4600000, 0x00000000a4700000, 0x00000000a4700000|100%| O|  |TAMS 0x00000000a4600000, 0x00000000a4600000| Untracked 
| 583|0x00000000a4700000, 0x00000000a4800000, 0x00000000a4800000|100%| O|  |TAMS 0x00000000a4700000, 0x00000000a4700000| Untracked 
| 584|0x00000000a4800000, 0x00000000a4900000, 0x00000000a4900000|100%| O|  |TAMS 0x00000000a4800000, 0x00000000a4800000| Untracked 
| 585|0x00000000a4900000, 0x00000000a4a00000, 0x00000000a4a00000|100%| O|  |TAMS 0x00000000a4900000, 0x00000000a4900000| Untracked 
| 586|0x00000000a4a00000, 0x00000000a4b00000, 0x00000000a4b00000|100%| O|  |TAMS 0x00000000a4a00000, 0x00000000a4a00000| Untracked 
| 587|0x00000000a4b00000, 0x00000000a4c00000, 0x00000000a4c00000|100%| O|  |TAMS 0x00000000a4b00000, 0x00000000a4b00000| Untracked 
| 588|0x00000000a4c00000, 0x00000000a4d00000, 0x00000000a4d00000|100%| O|  |TAMS 0x00000000a4c00000, 0x00000000a4c00000| Untracked 
| 589|0x00000000a4d00000, 0x00000000a4e00000, 0x00000000a4e00000|100%| O|  |TAMS 0x00000000a4d00000, 0x00000000a4d00000| Untracked 
| 590|0x00000000a4e00000, 0x00000000a4f00000, 0x00000000a4f00000|100%| O|  |TAMS 0x00000000a4e00000, 0x00000000a4e00000| Untracked 
| 591|0x00000000a4f00000, 0x00000000a5000000, 0x00000000a5000000|100%| O|  |TAMS 0x00000000a4f00000, 0x00000000a4f00000| Untracked 
| 592|0x00000000a5000000, 0x00000000a5100000, 0x00000000a5100000|100%| O|  |TAMS 0x00000000a5000000, 0x00000000a5000000| Untracked 
| 593|0x00000000a5100000, 0x00000000a5200000, 0x00000000a5200000|100%| O|  |TAMS 0x00000000a5100000, 0x00000000a5100000| Untracked 
| 594|0x00000000a5200000, 0x00000000a5200000, 0x00000000a5300000|  0%| F|  |TAMS 0x00000000a5200000, 0x00000000a5200000| Untracked 
| 595|0x00000000a5300000, 0x00000000a5300000, 0x00000000a5400000|  0%| F|  |TAMS 0x00000000a5300000, 0x00000000a5300000| Untracked 
| 596|0x00000000a5400000, 0x00000000a5400000, 0x00000000a5500000|  0%| F|  |TAMS 0x00000000a5400000, 0x00000000a5400000| Untracked 
| 597|0x00000000a5500000, 0x00000000a5500000, 0x00000000a5600000|  0%| F|  |TAMS 0x00000000a5500000, 0x00000000a5500000| Untracked 
| 598|0x00000000a5600000, 0x00000000a5600000, 0x00000000a5700000|  0%| F|  |TAMS 0x00000000a5600000, 0x00000000a5600000| Untracked 
| 599|0x00000000a5700000, 0x00000000a5700000, 0x00000000a5800000|  0%| F|  |TAMS 0x00000000a5700000, 0x00000000a5700000| Untracked 
| 600|0x00000000a5800000, 0x00000000a5800000, 0x00000000a5900000|  0%| F|  |TAMS 0x00000000a5800000, 0x00000000a5800000| Untracked 
| 601|0x00000000a5900000, 0x00000000a5900000, 0x00000000a5a00000|  0%| F|  |TAMS 0x00000000a5900000, 0x00000000a5900000| Untracked 
| 602|0x00000000a5a00000, 0x00000000a5a00000, 0x00000000a5b00000|  0%| F|  |TAMS 0x00000000a5a00000, 0x00000000a5a00000| Untracked 
| 603|0x00000000a5b00000, 0x00000000a5b00000, 0x00000000a5c00000|  0%| F|  |TAMS 0x00000000a5b00000, 0x00000000a5b00000| Untracked 
| 604|0x00000000a5c00000, 0x00000000a5c00000, 0x00000000a5d00000|  0%| F|  |TAMS 0x00000000a5c00000, 0x00000000a5c00000| Untracked 
| 605|0x00000000a5d00000, 0x00000000a5d00000, 0x00000000a5e00000|  0%| F|  |TAMS 0x00000000a5d00000, 0x00000000a5d00000| Untracked 
| 606|0x00000000a5e00000, 0x00000000a5e00000, 0x00000000a5f00000|  0%| F|  |TAMS 0x00000000a5e00000, 0x00000000a5e00000| Untracked 
| 607|0x00000000a5f00000, 0x00000000a5f00000, 0x00000000a6000000|  0%| F|  |TAMS 0x00000000a5f00000, 0x00000000a5f00000| Untracked 
| 608|0x00000000a6000000, 0x00000000a6000000, 0x00000000a6100000|  0%| F|  |TAMS 0x00000000a6000000, 0x00000000a6000000| Untracked 
| 609|0x00000000a6100000, 0x00000000a6100000, 0x00000000a6200000|  0%| F|  |TAMS 0x00000000a6100000, 0x00000000a6100000| Untracked 
| 610|0x00000000a6200000, 0x00000000a6200000, 0x00000000a6300000|  0%| F|  |TAMS 0x00000000a6200000, 0x00000000a6200000| Untracked 
| 611|0x00000000a6300000, 0x00000000a6300000, 0x00000000a6400000|  0%| F|  |TAMS 0x00000000a6300000, 0x00000000a6300000| Untracked 
| 612|0x00000000a6400000, 0x00000000a6400000, 0x00000000a6500000|  0%| F|  |TAMS 0x00000000a6400000, 0x00000000a6400000| Untracked 
| 613|0x00000000a6500000, 0x00000000a6500000, 0x00000000a6600000|  0%| F|  |TAMS 0x00000000a6500000, 0x00000000a6500000| Untracked 
| 614|0x00000000a6600000, 0x00000000a6600000, 0x00000000a6700000|  0%| F|  |TAMS 0x00000000a6600000, 0x00000000a6600000| Untracked 
| 615|0x00000000a6700000, 0x00000000a6700000, 0x00000000a6800000|  0%| F|  |TAMS 0x00000000a6700000, 0x00000000a6700000| Untracked 
| 616|0x00000000a6800000, 0x00000000a6800000, 0x00000000a6900000|  0%| F|  |TAMS 0x00000000a6800000, 0x00000000a6800000| Untracked 
| 617|0x00000000a6900000, 0x00000000a6900000, 0x00000000a6a00000|  0%| F|  |TAMS 0x00000000a6900000, 0x00000000a6900000| Untracked 
| 618|0x00000000a6a00000, 0x00000000a6a00000, 0x00000000a6b00000|  0%| F|  |TAMS 0x00000000a6a00000, 0x00000000a6a00000| Untracked 
| 619|0x00000000a6b00000, 0x00000000a6b00000, 0x00000000a6c00000|  0%| F|  |TAMS 0x00000000a6b00000, 0x00000000a6b00000| Untracked 
| 620|0x00000000a6c00000, 0x00000000a6c00000, 0x00000000a6d00000|  0%| F|  |TAMS 0x00000000a6c00000, 0x00000000a6c00000| Untracked 
| 621|0x00000000a6d00000, 0x00000000a6d00000, 0x00000000a6e00000|  0%| F|  |TAMS 0x00000000a6d00000, 0x00000000a6d00000| Untracked 
| 622|0x00000000a6e00000, 0x00000000a6e00000, 0x00000000a6f00000|  0%| F|  |TAMS 0x00000000a6e00000, 0x00000000a6e00000| Untracked 
| 623|0x00000000a6f00000, 0x00000000a6f00000, 0x00000000a7000000|  0%| F|  |TAMS 0x00000000a6f00000, 0x00000000a6f00000| Untracked 
| 624|0x00000000a7000000, 0x00000000a7000000, 0x00000000a7100000|  0%| F|  |TAMS 0x00000000a7000000, 0x00000000a7000000| Untracked 
| 625|0x00000000a7100000, 0x00000000a7100000, 0x00000000a7200000|  0%| F|  |TAMS 0x00000000a7100000, 0x00000000a7100000| Untracked 
| 626|0x00000000a7200000, 0x00000000a7200000, 0x00000000a7300000|  0%| F|  |TAMS 0x00000000a7200000, 0x00000000a7200000| Untracked 
| 627|0x00000000a7300000, 0x00000000a7300000, 0x00000000a7400000|  0%| F|  |TAMS 0x00000000a7300000, 0x00000000a7300000| Untracked 
| 628|0x00000000a7400000, 0x00000000a7400000, 0x00000000a7500000|  0%| F|  |TAMS 0x00000000a7400000, 0x00000000a7400000| Untracked 
| 629|0x00000000a7500000, 0x00000000a7500000, 0x00000000a7600000|  0%| F|  |TAMS 0x00000000a7500000, 0x00000000a7500000| Untracked 
| 630|0x00000000a7600000, 0x00000000a7600000, 0x00000000a7700000|  0%| F|  |TAMS 0x00000000a7600000, 0x00000000a7600000| Untracked 
| 631|0x00000000a7700000, 0x00000000a7700000, 0x00000000a7800000|  0%| F|  |TAMS 0x00000000a7700000, 0x00000000a7700000| Untracked 
| 632|0x00000000a7800000, 0x00000000a7800000, 0x00000000a7900000|  0%| F|  |TAMS 0x00000000a7800000, 0x00000000a7800000| Untracked 
| 633|0x00000000a7900000, 0x00000000a7900000, 0x00000000a7a00000|  0%| F|  |TAMS 0x00000000a7900000, 0x00000000a7900000| Untracked 
| 634|0x00000000a7a00000, 0x00000000a7a00000, 0x00000000a7b00000|  0%| F|  |TAMS 0x00000000a7a00000, 0x00000000a7a00000| Untracked 
| 635|0x00000000a7b00000, 0x00000000a7b00000, 0x00000000a7c00000|  0%| F|  |TAMS 0x00000000a7b00000, 0x00000000a7b00000| Untracked 
| 636|0x00000000a7c00000, 0x00000000a7c00000, 0x00000000a7d00000|  0%| F|  |TAMS 0x00000000a7c00000, 0x00000000a7c00000| Untracked 
| 637|0x00000000a7d00000, 0x00000000a7d00000, 0x00000000a7e00000|  0%| F|  |TAMS 0x00000000a7d00000, 0x00000000a7d00000| Untracked 
| 638|0x00000000a7e00000, 0x00000000a7e00000, 0x00000000a7f00000|  0%| F|  |TAMS 0x00000000a7e00000, 0x00000000a7e00000| Untracked 
| 639|0x00000000a7f00000, 0x00000000a7f00000, 0x00000000a8000000|  0%| F|  |TAMS 0x00000000a7f00000, 0x00000000a7f00000| Untracked 
| 640|0x00000000a8000000, 0x00000000a8000000, 0x00000000a8100000|  0%| F|  |TAMS 0x00000000a8000000, 0x00000000a8000000| Untracked 
| 641|0x00000000a8100000, 0x00000000a8100000, 0x00000000a8200000|  0%| F|  |TAMS 0x00000000a8100000, 0x00000000a8100000| Untracked 
| 642|0x00000000a8200000, 0x00000000a8200000, 0x00000000a8300000|  0%| F|  |TAMS 0x00000000a8200000, 0x00000000a8200000| Untracked 
| 643|0x00000000a8300000, 0x00000000a8300000, 0x00000000a8400000|  0%| F|  |TAMS 0x00000000a8300000, 0x00000000a8300000| Untracked 
| 644|0x00000000a8400000, 0x00000000a8400000, 0x00000000a8500000|  0%| F|  |TAMS 0x00000000a8400000, 0x00000000a8400000| Untracked 
| 645|0x00000000a8500000, 0x00000000a8500000, 0x00000000a8600000|  0%| F|  |TAMS 0x00000000a8500000, 0x00000000a8500000| Untracked 
| 646|0x00000000a8600000, 0x00000000a8600000, 0x00000000a8700000|  0%| F|  |TAMS 0x00000000a8600000, 0x00000000a8600000| Untracked 
| 647|0x00000000a8700000, 0x00000000a8700000, 0x00000000a8800000|  0%| F|  |TAMS 0x00000000a8700000, 0x00000000a8700000| Untracked 
| 648|0x00000000a8800000, 0x00000000a8800000, 0x00000000a8900000|  0%| F|  |TAMS 0x00000000a8800000, 0x00000000a8800000| Untracked 
| 649|0x00000000a8900000, 0x00000000a8900000, 0x00000000a8a00000|  0%| F|  |TAMS 0x00000000a8900000, 0x00000000a8900000| Untracked 
| 650|0x00000000a8a00000, 0x00000000a8a00000, 0x00000000a8b00000|  0%| F|  |TAMS 0x00000000a8a00000, 0x00000000a8a00000| Untracked 
| 651|0x00000000a8b00000, 0x00000000a8b00000, 0x00000000a8c00000|  0%| F|  |TAMS 0x00000000a8b00000, 0x00000000a8b00000| Untracked 
| 652|0x00000000a8c00000, 0x00000000a8c00000, 0x00000000a8d00000|  0%| F|  |TAMS 0x00000000a8c00000, 0x00000000a8c00000| Untracked 
| 653|0x00000000a8d00000, 0x00000000a8d00000, 0x00000000a8e00000|  0%| F|  |TAMS 0x00000000a8d00000, 0x00000000a8d00000| Untracked 
| 654|0x00000000a8e00000, 0x00000000a8e00000, 0x00000000a8f00000|  0%| F|  |TAMS 0x00000000a8e00000, 0x00000000a8e00000| Untracked 
| 655|0x00000000a8f00000, 0x00000000a8f00000, 0x00000000a9000000|  0%| F|  |TAMS 0x00000000a8f00000, 0x00000000a8f00000| Untracked 
| 656|0x00000000a9000000, 0x00000000a9000000, 0x00000000a9100000|  0%| F|  |TAMS 0x00000000a9000000, 0x00000000a9000000| Untracked 
| 657|0x00000000a9100000, 0x00000000a9100000, 0x00000000a9200000|  0%| F|  |TAMS 0x00000000a9100000, 0x00000000a9100000| Untracked 
| 658|0x00000000a9200000, 0x00000000a9200000, 0x00000000a9300000|  0%| F|  |TAMS 0x00000000a9200000, 0x00000000a9200000| Untracked 
| 659|0x00000000a9300000, 0x00000000a9300000, 0x00000000a9400000|  0%| F|  |TAMS 0x00000000a9300000, 0x00000000a9300000| Untracked 
| 660|0x00000000a9400000, 0x00000000a9400000, 0x00000000a9500000|  0%| F|  |TAMS 0x00000000a9400000, 0x00000000a9400000| Untracked 
| 661|0x00000000a9500000, 0x00000000a9500000, 0x00000000a9600000|  0%| F|  |TAMS 0x00000000a9500000, 0x00000000a9500000| Untracked 
| 662|0x00000000a9600000, 0x00000000a9600000, 0x00000000a9700000|  0%| F|  |TAMS 0x00000000a9600000, 0x00000000a9600000| Untracked 
| 663|0x00000000a9700000, 0x00000000a9700000, 0x00000000a9800000|  0%| F|  |TAMS 0x00000000a9700000, 0x00000000a9700000| Untracked 
| 664|0x00000000a9800000, 0x00000000a9800000, 0x00000000a9900000|  0%| F|  |TAMS 0x00000000a9800000, 0x00000000a9800000| Untracked 
| 665|0x00000000a9900000, 0x00000000a9900000, 0x00000000a9a00000|  0%| F|  |TAMS 0x00000000a9900000, 0x00000000a9900000| Untracked 
| 666|0x00000000a9a00000, 0x00000000a9a00000, 0x00000000a9b00000|  0%| F|  |TAMS 0x00000000a9a00000, 0x00000000a9a00000| Untracked 
| 667|0x00000000a9b00000, 0x00000000a9b00000, 0x00000000a9c00000|  0%| F|  |TAMS 0x00000000a9b00000, 0x00000000a9b00000| Untracked 
| 668|0x00000000a9c00000, 0x00000000a9c00000, 0x00000000a9d00000|  0%| F|  |TAMS 0x00000000a9c00000, 0x00000000a9c00000| Untracked 
| 669|0x00000000a9d00000, 0x00000000a9d00000, 0x00000000a9e00000|  0%| F|  |TAMS 0x00000000a9d00000, 0x00000000a9d00000| Untracked 
| 670|0x00000000a9e00000, 0x00000000a9e00000, 0x00000000a9f00000|  0%| F|  |TAMS 0x00000000a9e00000, 0x00000000a9e00000| Untracked 
| 671|0x00000000a9f00000, 0x00000000a9f00000, 0x00000000aa000000|  0%| F|  |TAMS 0x00000000a9f00000, 0x00000000a9f00000| Untracked 
| 672|0x00000000aa000000, 0x00000000aa000000, 0x00000000aa100000|  0%| F|  |TAMS 0x00000000aa000000, 0x00000000aa000000| Untracked 
| 673|0x00000000aa100000, 0x00000000aa100000, 0x00000000aa200000|  0%| F|  |TAMS 0x00000000aa100000, 0x00000000aa100000| Untracked 
| 674|0x00000000aa200000, 0x00000000aa200000, 0x00000000aa300000|  0%| F|  |TAMS 0x00000000aa200000, 0x00000000aa200000| Untracked 
| 675|0x00000000aa300000, 0x00000000aa300000, 0x00000000aa400000|  0%| F|  |TAMS 0x00000000aa300000, 0x00000000aa300000| Untracked 
| 676|0x00000000aa400000, 0x00000000aa400000, 0x00000000aa500000|  0%| F|  |TAMS 0x00000000aa400000, 0x00000000aa400000| Untracked 
| 677|0x00000000aa500000, 0x00000000aa500000, 0x00000000aa600000|  0%| F|  |TAMS 0x00000000aa500000, 0x00000000aa500000| Untracked 
| 678|0x00000000aa600000, 0x00000000aa600000, 0x00000000aa700000|  0%| F|  |TAMS 0x00000000aa600000, 0x00000000aa600000| Untracked 
| 679|0x00000000aa700000, 0x00000000aa700000, 0x00000000aa800000|  0%| F|  |TAMS 0x00000000aa700000, 0x00000000aa700000| Untracked 
| 680|0x00000000aa800000, 0x00000000aa800000, 0x00000000aa900000|  0%| F|  |TAMS 0x00000000aa800000, 0x00000000aa800000| Untracked 
| 681|0x00000000aa900000, 0x00000000aa900000, 0x00000000aaa00000|  0%| F|  |TAMS 0x00000000aa900000, 0x00000000aa900000| Untracked 
| 682|0x00000000aaa00000, 0x00000000aaa00000, 0x00000000aab00000|  0%| F|  |TAMS 0x00000000aaa00000, 0x00000000aaa00000| Untracked 
| 683|0x00000000aab00000, 0x00000000aab00000, 0x00000000aac00000|  0%| F|  |TAMS 0x00000000aab00000, 0x00000000aab00000| Untracked 
| 684|0x00000000aac00000, 0x00000000aac00000, 0x00000000aad00000|  0%| F|  |TAMS 0x00000000aac00000, 0x00000000aac00000| Untracked 
| 685|0x00000000aad00000, 0x00000000aad00000, 0x00000000aae00000|  0%| F|  |TAMS 0x00000000aad00000, 0x00000000aad00000| Untracked 
| 686|0x00000000aae00000, 0x00000000aae00000, 0x00000000aaf00000|  0%| F|  |TAMS 0x00000000aae00000, 0x00000000aae00000| Untracked 
| 687|0x00000000aaf00000, 0x00000000aaf00000, 0x00000000ab000000|  0%| F|  |TAMS 0x00000000aaf00000, 0x00000000aaf00000| Untracked 
| 688|0x00000000ab000000, 0x00000000ab000000, 0x00000000ab100000|  0%| F|  |TAMS 0x00000000ab000000, 0x00000000ab000000| Untracked 
| 689|0x00000000ab100000, 0x00000000ab100000, 0x00000000ab200000|  0%| F|  |TAMS 0x00000000ab100000, 0x00000000ab100000| Untracked 
| 690|0x00000000ab200000, 0x00000000ab200000, 0x00000000ab300000|  0%| F|  |TAMS 0x00000000ab200000, 0x00000000ab200000| Untracked 
| 691|0x00000000ab300000, 0x00000000ab300000, 0x00000000ab400000|  0%| F|  |TAMS 0x00000000ab300000, 0x00000000ab300000| Untracked 
| 692|0x00000000ab400000, 0x00000000ab400000, 0x00000000ab500000|  0%| F|  |TAMS 0x00000000ab400000, 0x00000000ab400000| Untracked 
| 693|0x00000000ab500000, 0x00000000ab500000, 0x00000000ab600000|  0%| F|  |TAMS 0x00000000ab500000, 0x00000000ab500000| Untracked 
| 694|0x00000000ab600000, 0x00000000ab600000, 0x00000000ab700000|  0%| F|  |TAMS 0x00000000ab600000, 0x00000000ab600000| Untracked 
| 695|0x00000000ab700000, 0x00000000ab700000, 0x00000000ab800000|  0%| F|  |TAMS 0x00000000ab700000, 0x00000000ab700000| Untracked 
| 696|0x00000000ab800000, 0x00000000ab800000, 0x00000000ab900000|  0%| F|  |TAMS 0x00000000ab800000, 0x00000000ab800000| Untracked 
| 697|0x00000000ab900000, 0x00000000ab900000, 0x00000000aba00000|  0%| F|  |TAMS 0x00000000ab900000, 0x00000000ab900000| Untracked 
| 698|0x00000000aba00000, 0x00000000aba00000, 0x00000000abb00000|  0%| F|  |TAMS 0x00000000aba00000, 0x00000000aba00000| Untracked 
| 699|0x00000000abb00000, 0x00000000abb00000, 0x00000000abc00000|  0%| F|  |TAMS 0x00000000abb00000, 0x00000000abb00000| Untracked 
| 700|0x00000000abc00000, 0x00000000abc00000, 0x00000000abd00000|  0%| F|  |TAMS 0x00000000abc00000, 0x00000000abc00000| Untracked 
| 701|0x00000000abd00000, 0x00000000abd00000, 0x00000000abe00000|  0%| F|  |TAMS 0x00000000abd00000, 0x00000000abd00000| Untracked 
| 702|0x00000000abe00000, 0x00000000abe00000, 0x00000000abf00000|  0%| F|  |TAMS 0x00000000abe00000, 0x00000000abe00000| Untracked 
| 703|0x00000000abf00000, 0x00000000abf00000, 0x00000000ac000000|  0%| F|  |TAMS 0x00000000abf00000, 0x00000000abf00000| Untracked 
| 704|0x00000000ac000000, 0x00000000ac000000, 0x00000000ac100000|  0%| F|  |TAMS 0x00000000ac000000, 0x00000000ac000000| Untracked 
| 705|0x00000000ac100000, 0x00000000ac100000, 0x00000000ac200000|  0%| F|  |TAMS 0x00000000ac100000, 0x00000000ac100000| Untracked 
| 706|0x00000000ac200000, 0x00000000ac200000, 0x00000000ac300000|  0%| F|  |TAMS 0x00000000ac200000, 0x00000000ac200000| Untracked 
| 707|0x00000000ac300000, 0x00000000ac300000, 0x00000000ac400000|  0%| F|  |TAMS 0x00000000ac300000, 0x00000000ac300000| Untracked 
| 708|0x00000000ac400000, 0x00000000ac400000, 0x00000000ac500000|  0%| F|  |TAMS 0x00000000ac400000, 0x00000000ac400000| Untracked 
| 709|0x00000000ac500000, 0x00000000ac500000, 0x00000000ac600000|  0%| F|  |TAMS 0x00000000ac500000, 0x00000000ac500000| Untracked 
| 710|0x00000000ac600000, 0x00000000ac600000, 0x00000000ac700000|  0%| F|  |TAMS 0x00000000ac600000, 0x00000000ac600000| Untracked 
| 711|0x00000000ac700000, 0x00000000ac700000, 0x00000000ac800000|  0%| F|  |TAMS 0x00000000ac700000, 0x00000000ac700000| Untracked 
| 712|0x00000000ac800000, 0x00000000ac800000, 0x00000000ac900000|  0%| F|  |TAMS 0x00000000ac800000, 0x00000000ac800000| Untracked 
| 713|0x00000000ac900000, 0x00000000ac900000, 0x00000000aca00000|  0%| F|  |TAMS 0x00000000ac900000, 0x00000000ac900000| Untracked 
| 714|0x00000000aca00000, 0x00000000aca00000, 0x00000000acb00000|  0%| F|  |TAMS 0x00000000aca00000, 0x00000000aca00000| Untracked 
| 715|0x00000000acb00000, 0x00000000acb00000, 0x00000000acc00000|  0%| F|  |TAMS 0x00000000acb00000, 0x00000000acb00000| Untracked 
| 716|0x00000000acc00000, 0x00000000acc00000, 0x00000000acd00000|  0%| F|  |TAMS 0x00000000acc00000, 0x00000000acc00000| Untracked 
| 717|0x00000000acd00000, 0x00000000acd00000, 0x00000000ace00000|  0%| F|  |TAMS 0x00000000acd00000, 0x00000000acd00000| Untracked 
| 718|0x00000000ace00000, 0x00000000ace00000, 0x00000000acf00000|  0%| F|  |TAMS 0x00000000ace00000, 0x00000000ace00000| Untracked 
| 719|0x00000000acf00000, 0x00000000acf00000, 0x00000000ad000000|  0%| F|  |TAMS 0x00000000acf00000, 0x00000000acf00000| Untracked 
| 720|0x00000000ad000000, 0x00000000ad000000, 0x00000000ad100000|  0%| F|  |TAMS 0x00000000ad000000, 0x00000000ad000000| Untracked 
| 721|0x00000000ad100000, 0x00000000ad100000, 0x00000000ad200000|  0%| F|  |TAMS 0x00000000ad100000, 0x00000000ad100000| Untracked 
| 722|0x00000000ad200000, 0x00000000ad200000, 0x00000000ad300000|  0%| F|  |TAMS 0x00000000ad200000, 0x00000000ad200000| Untracked 
| 723|0x00000000ad300000, 0x00000000ad300000, 0x00000000ad400000|  0%| F|  |TAMS 0x00000000ad300000, 0x00000000ad300000| Untracked 
| 724|0x00000000ad400000, 0x00000000ad400000, 0x00000000ad500000|  0%| F|  |TAMS 0x00000000ad400000, 0x00000000ad400000| Untracked 
| 725|0x00000000ad500000, 0x00000000ad500000, 0x00000000ad600000|  0%| F|  |TAMS 0x00000000ad500000, 0x00000000ad500000| Untracked 
| 726|0x00000000ad600000, 0x00000000ad600000, 0x00000000ad700000|  0%| F|  |TAMS 0x00000000ad600000, 0x00000000ad600000| Untracked 
| 727|0x00000000ad700000, 0x00000000ad700000, 0x00000000ad800000|  0%| F|  |TAMS 0x00000000ad700000, 0x00000000ad700000| Untracked 
| 728|0x00000000ad800000, 0x00000000ad800000, 0x00000000ad900000|  0%| F|  |TAMS 0x00000000ad800000, 0x00000000ad800000| Untracked 
| 729|0x00000000ad900000, 0x00000000ad900000, 0x00000000ada00000|  0%| F|  |TAMS 0x00000000ad900000, 0x00000000ad900000| Untracked 
| 730|0x00000000ada00000, 0x00000000adb00000, 0x00000000adb00000|100%| E|  |TAMS 0x00000000ada00000, 0x00000000ada00000| Complete 
| 731|0x00000000adb00000, 0x00000000adc00000, 0x00000000adc00000|100%| E|CS|TAMS 0x00000000adb00000, 0x00000000adb00000| Complete 
| 732|0x00000000adc00000, 0x00000000add00000, 0x00000000add00000|100%| E|CS|TAMS 0x00000000adc00000, 0x00000000adc00000| Complete 
| 733|0x00000000add00000, 0x00000000ade00000, 0x00000000ade00000|100%| E|CS|TAMS 0x00000000add00000, 0x00000000add00000| Complete 
| 734|0x00000000ade00000, 0x00000000adf00000, 0x00000000adf00000|100%| E|CS|TAMS 0x00000000ade00000, 0x00000000ade00000| Complete 
| 735|0x00000000adf00000, 0x00000000ae000000, 0x00000000ae000000|100%| E|CS|TAMS 0x00000000adf00000, 0x00000000adf00000| Complete 
| 736|0x00000000ae000000, 0x00000000ae100000, 0x00000000ae100000|100%| E|CS|TAMS 0x00000000ae000000, 0x00000000ae000000| Complete 
| 737|0x00000000ae100000, 0x00000000ae200000, 0x00000000ae200000|100%| E|CS|TAMS 0x00000000ae100000, 0x00000000ae100000| Complete 
| 738|0x00000000ae200000, 0x00000000ae300000, 0x00000000ae300000|100%| E|CS|TAMS 0x00000000ae200000, 0x00000000ae200000| Complete 
| 739|0x00000000ae300000, 0x00000000ae400000, 0x00000000ae400000|100%| E|CS|TAMS 0x00000000ae300000, 0x00000000ae300000| Complete 
| 740|0x00000000ae400000, 0x00000000ae500000, 0x00000000ae500000|100%| E|CS|TAMS 0x00000000ae400000, 0x00000000ae400000| Complete 
| 741|0x00000000ae500000, 0x00000000ae600000, 0x00000000ae600000|100%| E|CS|TAMS 0x00000000ae500000, 0x00000000ae500000| Complete 
| 742|0x00000000ae600000, 0x00000000ae700000, 0x00000000ae700000|100%| E|CS|TAMS 0x00000000ae600000, 0x00000000ae600000| Complete 
| 743|0x00000000ae700000, 0x00000000ae800000, 0x00000000ae800000|100%| E|CS|TAMS 0x00000000ae700000, 0x00000000ae700000| Complete 
| 744|0x00000000ae800000, 0x00000000ae900000, 0x00000000ae900000|100%| E|CS|TAMS 0x00000000ae800000, 0x00000000ae800000| Complete 
| 745|0x00000000ae900000, 0x00000000aea00000, 0x00000000aea00000|100%| E|CS|TAMS 0x00000000ae900000, 0x00000000ae900000| Complete 
| 746|0x00000000aea00000, 0x00000000aeb00000, 0x00000000aeb00000|100%| E|CS|TAMS 0x00000000aea00000, 0x00000000aea00000| Complete 
| 747|0x00000000aeb00000, 0x00000000aec00000, 0x00000000aec00000|100%| E|CS|TAMS 0x00000000aeb00000, 0x00000000aeb00000| Complete 
| 748|0x00000000aec00000, 0x00000000aed00000, 0x00000000aed00000|100%| E|CS|TAMS 0x00000000aec00000, 0x00000000aec00000| Complete 
| 749|0x00000000aed00000, 0x00000000aee00000, 0x00000000aee00000|100%| E|CS|TAMS 0x00000000aed00000, 0x00000000aed00000| Complete 
| 750|0x00000000aee00000, 0x00000000aef00000, 0x00000000aef00000|100%| E|CS|TAMS 0x00000000aee00000, 0x00000000aee00000| Complete 
| 751|0x00000000aef00000, 0x00000000af000000, 0x00000000af000000|100%| E|CS|TAMS 0x00000000aef00000, 0x00000000aef00000| Complete 
| 752|0x00000000af000000, 0x00000000af100000, 0x00000000af100000|100%| E|CS|TAMS 0x00000000af000000, 0x00000000af000000| Complete 
| 753|0x00000000af100000, 0x00000000af200000, 0x00000000af200000|100%| E|CS|TAMS 0x00000000af100000, 0x00000000af100000| Complete 
| 754|0x00000000af200000, 0x00000000af300000, 0x00000000af300000|100%| E|CS|TAMS 0x00000000af200000, 0x00000000af200000| Complete 
| 755|0x00000000af300000, 0x00000000af400000, 0x00000000af400000|100%| E|CS|TAMS 0x00000000af300000, 0x00000000af300000| Complete 
| 756|0x00000000af400000, 0x00000000af500000, 0x00000000af500000|100%| E|CS|TAMS 0x00000000af400000, 0x00000000af400000| Complete 
| 757|0x00000000af500000, 0x00000000af600000, 0x00000000af600000|100%| E|CS|TAMS 0x00000000af500000, 0x00000000af500000| Complete 
| 758|0x00000000af600000, 0x00000000af700000, 0x00000000af700000|100%| E|CS|TAMS 0x00000000af600000, 0x00000000af600000| Complete 
| 759|0x00000000af700000, 0x00000000af800000, 0x00000000af800000|100%| E|CS|TAMS 0x00000000af700000, 0x00000000af700000| Complete 
| 760|0x00000000af800000, 0x00000000af900000, 0x00000000af900000|100%| E|CS|TAMS 0x00000000af800000, 0x00000000af800000| Complete 
| 761|0x00000000af900000, 0x00000000afa00000, 0x00000000afa00000|100%| E|  |TAMS 0x00000000af900000, 0x00000000af900000| Complete 
| 762|0x00000000afa00000, 0x00000000afb00000, 0x00000000afb00000|100%| E|CS|TAMS 0x00000000afa00000, 0x00000000afa00000| Complete 
| 763|0x00000000afb00000, 0x00000000afc00000, 0x00000000afc00000|100%| E|CS|TAMS 0x00000000afb00000, 0x00000000afb00000| Complete 
| 764|0x00000000afc00000, 0x00000000afd00000, 0x00000000afd00000|100%| E|CS|TAMS 0x00000000afc00000, 0x00000000afc00000| Complete 
| 765|0x00000000afd00000, 0x00000000afe00000, 0x00000000afe00000|100%| E|CS|TAMS 0x00000000afd00000, 0x00000000afd00000| Complete 
| 766|0x00000000afe00000, 0x00000000aff00000, 0x00000000aff00000|100%| E|CS|TAMS 0x00000000afe00000, 0x00000000afe00000| Complete 
| 767|0x00000000aff00000, 0x00000000b0000000, 0x00000000b0000000|100%| E|CS|TAMS 0x00000000aff00000, 0x00000000aff00000| Complete 
| 768|0x00000000b0000000, 0x00000000b0100000, 0x00000000b0100000|100%| E|CS|TAMS 0x00000000b0000000, 0x00000000b0000000| Complete 
| 769|0x00000000b0100000, 0x00000000b0200000, 0x00000000b0200000|100%| E|CS|TAMS 0x00000000b0100000, 0x00000000b0100000| Complete 
| 770|0x00000000b0200000, 0x00000000b0300000, 0x00000000b0300000|100%| E|CS|TAMS 0x00000000b0200000, 0x00000000b0200000| Complete 
| 771|0x00000000b0300000, 0x00000000b0400000, 0x00000000b0400000|100%| E|CS|TAMS 0x00000000b0300000, 0x00000000b0300000| Complete 
| 772|0x00000000b0400000, 0x00000000b0500000, 0x00000000b0500000|100%| E|CS|TAMS 0x00000000b0400000, 0x00000000b0400000| Complete 
| 773|0x00000000b0500000, 0x00000000b0600000, 0x00000000b0600000|100%| E|CS|TAMS 0x00000000b0500000, 0x00000000b0500000| Complete 
| 774|0x00000000b0600000, 0x00000000b0700000, 0x00000000b0700000|100%| E|CS|TAMS 0x00000000b0600000, 0x00000000b0600000| Complete 
| 775|0x00000000b0700000, 0x00000000b0800000, 0x00000000b0800000|100%| E|CS|TAMS 0x00000000b0700000, 0x00000000b0700000| Complete 
| 776|0x00000000b0800000, 0x00000000b0900000, 0x00000000b0900000|100%| E|CS|TAMS 0x00000000b0800000, 0x00000000b0800000| Complete 
| 777|0x00000000b0900000, 0x00000000b0a00000, 0x00000000b0a00000|100%| E|CS|TAMS 0x00000000b0900000, 0x00000000b0900000| Complete 
| 778|0x00000000b0a00000, 0x00000000b0b00000, 0x00000000b0b00000|100%| E|CS|TAMS 0x00000000b0a00000, 0x00000000b0a00000| Complete 
| 779|0x00000000b0b00000, 0x00000000b0c00000, 0x00000000b0c00000|100%| E|CS|TAMS 0x00000000b0b00000, 0x00000000b0b00000| Complete 
| 780|0x00000000b0c00000, 0x00000000b0d00000, 0x00000000b0d00000|100%| E|CS|TAMS 0x00000000b0c00000, 0x00000000b0c00000| Complete 
| 781|0x00000000b0d00000, 0x00000000b0e00000, 0x00000000b0e00000|100%| E|CS|TAMS 0x00000000b0d00000, 0x00000000b0d00000| Complete 
| 782|0x00000000b0e00000, 0x00000000b0f00000, 0x00000000b0f00000|100%| E|CS|TAMS 0x00000000b0e00000, 0x00000000b0e00000| Complete 
| 783|0x00000000b0f00000, 0x00000000b1000000, 0x00000000b1000000|100%| E|CS|TAMS 0x00000000b0f00000, 0x00000000b0f00000| Complete 
| 784|0x00000000b1000000, 0x00000000b1100000, 0x00000000b1100000|100%| E|CS|TAMS 0x00000000b1000000, 0x00000000b1000000| Complete 
| 785|0x00000000b1100000, 0x00000000b1200000, 0x00000000b1200000|100%| E|CS|TAMS 0x00000000b1100000, 0x00000000b1100000| Complete 
| 786|0x00000000b1200000, 0x00000000b1300000, 0x00000000b1300000|100%| E|CS|TAMS 0x00000000b1200000, 0x00000000b1200000| Complete 
| 787|0x00000000b1300000, 0x00000000b1400000, 0x00000000b1400000|100%| E|CS|TAMS 0x00000000b1300000, 0x00000000b1300000| Complete 
| 788|0x00000000b1400000, 0x00000000b1500000, 0x00000000b1500000|100%| E|CS|TAMS 0x00000000b1400000, 0x00000000b1400000| Complete 
| 789|0x00000000b1500000, 0x00000000b1600000, 0x00000000b1600000|100%| E|CS|TAMS 0x00000000b1500000, 0x00000000b1500000| Complete 
| 790|0x00000000b1600000, 0x00000000b1700000, 0x00000000b1700000|100%| E|CS|TAMS 0x00000000b1600000, 0x00000000b1600000| Complete 
| 791|0x00000000b1700000, 0x00000000b1800000, 0x00000000b1800000|100%| E|CS|TAMS 0x00000000b1700000, 0x00000000b1700000| Complete 
| 792|0x00000000b1800000, 0x00000000b1900000, 0x00000000b1900000|100%| E|CS|TAMS 0x00000000b1800000, 0x00000000b1800000| Complete 
| 793|0x00000000b1900000, 0x00000000b1a00000, 0x00000000b1a00000|100%| E|CS|TAMS 0x00000000b1900000, 0x00000000b1900000| Complete 
| 794|0x00000000b1a00000, 0x00000000b1b00000, 0x00000000b1b00000|100%| E|CS|TAMS 0x00000000b1a00000, 0x00000000b1a00000| Complete 
| 795|0x00000000b1b00000, 0x00000000b1c00000, 0x00000000b1c00000|100%| E|CS|TAMS 0x00000000b1b00000, 0x00000000b1b00000| Complete 
| 796|0x00000000b1c00000, 0x00000000b1d00000, 0x00000000b1d00000|100%| E|CS|TAMS 0x00000000b1c00000, 0x00000000b1c00000| Complete 
| 797|0x00000000b1d00000, 0x00000000b1e00000, 0x00000000b1e00000|100%| E|CS|TAMS 0x00000000b1d00000, 0x00000000b1d00000| Complete 
| 798|0x00000000b1e00000, 0x00000000b1f00000, 0x00000000b1f00000|100%| E|CS|TAMS 0x00000000b1e00000, 0x00000000b1e00000| Complete 
| 799|0x00000000b1f00000, 0x00000000b2000000, 0x00000000b2000000|100%| E|CS|TAMS 0x00000000b1f00000, 0x00000000b1f00000| Complete 
| 800|0x00000000b2000000, 0x00000000b2100000, 0x00000000b2100000|100%| E|CS|TAMS 0x00000000b2000000, 0x00000000b2000000| Complete 
| 801|0x00000000b2100000, 0x00000000b2200000, 0x00000000b2200000|100%| E|CS|TAMS 0x00000000b2100000, 0x00000000b2100000| Complete 
| 802|0x00000000b2200000, 0x00000000b2300000, 0x00000000b2300000|100%| E|CS|TAMS 0x00000000b2200000, 0x00000000b2200000| Complete 
| 803|0x00000000b2300000, 0x00000000b2400000, 0x00000000b2400000|100%| E|CS|TAMS 0x00000000b2300000, 0x00000000b2300000| Complete 
| 804|0x00000000b2400000, 0x00000000b2500000, 0x00000000b2500000|100%| E|CS|TAMS 0x00000000b2400000, 0x00000000b2400000| Complete 
| 805|0x00000000b2500000, 0x00000000b2600000, 0x00000000b2600000|100%| E|CS|TAMS 0x00000000b2500000, 0x00000000b2500000| Complete 
| 806|0x00000000b2600000, 0x00000000b2700000, 0x00000000b2700000|100%| E|CS|TAMS 0x00000000b2600000, 0x00000000b2600000| Complete 
| 807|0x00000000b2700000, 0x00000000b2800000, 0x00000000b2800000|100%| E|CS|TAMS 0x00000000b2700000, 0x00000000b2700000| Complete 
| 808|0x00000000b2800000, 0x00000000b2900000, 0x00000000b2900000|100%| E|CS|TAMS 0x00000000b2800000, 0x00000000b2800000| Complete 
| 809|0x00000000b2900000, 0x00000000b2a00000, 0x00000000b2a00000|100%| E|CS|TAMS 0x00000000b2900000, 0x00000000b2900000| Complete 
| 810|0x00000000b2a00000, 0x00000000b2b00000, 0x00000000b2b00000|100%| E|CS|TAMS 0x00000000b2a00000, 0x00000000b2a00000| Complete 
| 811|0x00000000b2b00000, 0x00000000b2c00000, 0x00000000b2c00000|100%| E|CS|TAMS 0x00000000b2b00000, 0x00000000b2b00000| Complete 
| 812|0x00000000b2c00000, 0x00000000b2d00000, 0x00000000b2d00000|100%| E|CS|TAMS 0x00000000b2c00000, 0x00000000b2c00000| Complete 
| 813|0x00000000b2d00000, 0x00000000b2e00000, 0x00000000b2e00000|100%| E|CS|TAMS 0x00000000b2d00000, 0x00000000b2d00000| Complete 
| 814|0x00000000b2e00000, 0x00000000b2f00000, 0x00000000b2f00000|100%| E|CS|TAMS 0x00000000b2e00000, 0x00000000b2e00000| Complete 
| 815|0x00000000b2f00000, 0x00000000b3000000, 0x00000000b3000000|100%| E|CS|TAMS 0x00000000b2f00000, 0x00000000b2f00000| Complete 
| 816|0x00000000b3000000, 0x00000000b3100000, 0x00000000b3100000|100%| E|CS|TAMS 0x00000000b3000000, 0x00000000b3000000| Complete 
| 817|0x00000000b3100000, 0x00000000b3200000, 0x00000000b3200000|100%| E|CS|TAMS 0x00000000b3100000, 0x00000000b3100000| Complete 
| 818|0x00000000b3200000, 0x00000000b3300000, 0x00000000b3300000|100%| E|CS|TAMS 0x00000000b3200000, 0x00000000b3200000| Complete 
| 819|0x00000000b3300000, 0x00000000b3400000, 0x00000000b3400000|100%| E|CS|TAMS 0x00000000b3300000, 0x00000000b3300000| Complete 
| 820|0x00000000b3400000, 0x00000000b3500000, 0x00000000b3500000|100%| E|CS|TAMS 0x00000000b3400000, 0x00000000b3400000| Complete 
| 821|0x00000000b3500000, 0x00000000b3600000, 0x00000000b3600000|100%| E|CS|TAMS 0x00000000b3500000, 0x00000000b3500000| Complete 
| 822|0x00000000b3600000, 0x00000000b3700000, 0x00000000b3700000|100%| E|CS|TAMS 0x00000000b3600000, 0x00000000b3600000| Complete 
| 823|0x00000000b3700000, 0x00000000b3800000, 0x00000000b3800000|100%| E|CS|TAMS 0x00000000b3700000, 0x00000000b3700000| Complete 
| 824|0x00000000b3800000, 0x00000000b3900000, 0x00000000b3900000|100%| E|CS|TAMS 0x00000000b3800000, 0x00000000b3800000| Complete 
| 825|0x00000000b3900000, 0x00000000b3a00000, 0x00000000b3a00000|100%| E|CS|TAMS 0x00000000b3900000, 0x00000000b3900000| Complete 
| 826|0x00000000b3a00000, 0x00000000b3b00000, 0x00000000b3b00000|100%| E|CS|TAMS 0x00000000b3a00000, 0x00000000b3a00000| Complete 
| 827|0x00000000b3b00000, 0x00000000b3c00000, 0x00000000b3c00000|100%| E|CS|TAMS 0x00000000b3b00000, 0x00000000b3b00000| Complete 
| 828|0x00000000b3c00000, 0x00000000b3d00000, 0x00000000b3d00000|100%| E|CS|TAMS 0x00000000b3c00000, 0x00000000b3c00000| Complete 
| 829|0x00000000b3d00000, 0x00000000b3e00000, 0x00000000b3e00000|100%| E|CS|TAMS 0x00000000b3d00000, 0x00000000b3d00000| Complete 
| 830|0x00000000b3e00000, 0x00000000b3f00000, 0x00000000b3f00000|100%| E|CS|TAMS 0x00000000b3e00000, 0x00000000b3e00000| Complete 
| 831|0x00000000b3f00000, 0x00000000b4000000, 0x00000000b4000000|100%| E|CS|TAMS 0x00000000b3f00000, 0x00000000b3f00000| Complete 
| 832|0x00000000b4000000, 0x00000000b4100000, 0x00000000b4100000|100%| E|CS|TAMS 0x00000000b4000000, 0x00000000b4000000| Complete 
| 833|0x00000000b4100000, 0x00000000b4200000, 0x00000000b4200000|100%| E|CS|TAMS 0x00000000b4100000, 0x00000000b4100000| Complete 
| 834|0x00000000b4200000, 0x00000000b4300000, 0x00000000b4300000|100%| E|CS|TAMS 0x00000000b4200000, 0x00000000b4200000| Complete 
| 835|0x00000000b4300000, 0x00000000b4400000, 0x00000000b4400000|100%| E|CS|TAMS 0x00000000b4300000, 0x00000000b4300000| Complete 
| 836|0x00000000b4400000, 0x00000000b4500000, 0x00000000b4500000|100%| E|CS|TAMS 0x00000000b4400000, 0x00000000b4400000| Complete 
| 837|0x00000000b4500000, 0x00000000b4600000, 0x00000000b4600000|100%| E|CS|TAMS 0x00000000b4500000, 0x00000000b4500000| Complete 
| 838|0x00000000b4600000, 0x00000000b4700000, 0x00000000b4700000|100%| E|CS|TAMS 0x00000000b4600000, 0x00000000b4600000| Complete 
| 839|0x00000000b4700000, 0x00000000b4800000, 0x00000000b4800000|100%| E|CS|TAMS 0x00000000b4700000, 0x00000000b4700000| Complete 
| 840|0x00000000b4800000, 0x00000000b4900000, 0x00000000b4900000|100%| E|CS|TAMS 0x00000000b4800000, 0x00000000b4800000| Complete 
| 841|0x00000000b4900000, 0x00000000b4a00000, 0x00000000b4a00000|100%| E|CS|TAMS 0x00000000b4900000, 0x00000000b4900000| Complete 
| 842|0x00000000b4a00000, 0x00000000b4b00000, 0x00000000b4b00000|100%| E|CS|TAMS 0x00000000b4a00000, 0x00000000b4a00000| Complete 
| 843|0x00000000b4b00000, 0x00000000b4c00000, 0x00000000b4c00000|100%| E|CS|TAMS 0x00000000b4b00000, 0x00000000b4b00000| Complete 
| 844|0x00000000b4c00000, 0x00000000b4d00000, 0x00000000b4d00000|100%| E|CS|TAMS 0x00000000b4c00000, 0x00000000b4c00000| Complete 
| 845|0x00000000b4d00000, 0x00000000b4e00000, 0x00000000b4e00000|100%| E|CS|TAMS 0x00000000b4d00000, 0x00000000b4d00000| Complete 
| 846|0x00000000b4e00000, 0x00000000b4f00000, 0x00000000b4f00000|100%| E|CS|TAMS 0x00000000b4e00000, 0x00000000b4e00000| Complete 
| 847|0x00000000b4f00000, 0x00000000b5000000, 0x00000000b5000000|100%| E|CS|TAMS 0x00000000b4f00000, 0x00000000b4f00000| Complete 
| 848|0x00000000b5000000, 0x00000000b5100000, 0x00000000b5100000|100%| E|CS|TAMS 0x00000000b5000000, 0x00000000b5000000| Complete 
| 849|0x00000000b5100000, 0x00000000b5200000, 0x00000000b5200000|100%| E|CS|TAMS 0x00000000b5100000, 0x00000000b5100000| Complete 
| 850|0x00000000b5200000, 0x00000000b5300000, 0x00000000b5300000|100%| E|CS|TAMS 0x00000000b5200000, 0x00000000b5200000| Complete 
| 851|0x00000000b5300000, 0x00000000b5400000, 0x00000000b5400000|100%| E|CS|TAMS 0x00000000b5300000, 0x00000000b5300000| Complete 
| 852|0x00000000b5400000, 0x00000000b5500000, 0x00000000b5500000|100%| E|CS|TAMS 0x00000000b5400000, 0x00000000b5400000| Complete 
| 853|0x00000000b5500000, 0x00000000b5600000, 0x00000000b5600000|100%| E|CS|TAMS 0x00000000b5500000, 0x00000000b5500000| Complete 
| 854|0x00000000b5600000, 0x00000000b5700000, 0x00000000b5700000|100%| E|CS|TAMS 0x00000000b5600000, 0x00000000b5600000| Complete 
| 855|0x00000000b5700000, 0x00000000b5800000, 0x00000000b5800000|100%| E|CS|TAMS 0x00000000b5700000, 0x00000000b5700000| Complete 
| 856|0x00000000b5800000, 0x00000000b5900000, 0x00000000b5900000|100%| E|CS|TAMS 0x00000000b5800000, 0x00000000b5800000| Complete 
| 857|0x00000000b5900000, 0x00000000b5a00000, 0x00000000b5a00000|100%| E|CS|TAMS 0x00000000b5900000, 0x00000000b5900000| Complete 
| 858|0x00000000b5a00000, 0x00000000b5b00000, 0x00000000b5b00000|100%| E|CS|TAMS 0x00000000b5a00000, 0x00000000b5a00000| Complete 
| 859|0x00000000b5b00000, 0x00000000b5c00000, 0x00000000b5c00000|100%| E|CS|TAMS 0x00000000b5b00000, 0x00000000b5b00000| Complete 
| 860|0x00000000b5c00000, 0x00000000b5d00000, 0x00000000b5d00000|100%| E|CS|TAMS 0x00000000b5c00000, 0x00000000b5c00000| Complete 
| 861|0x00000000b5d00000, 0x00000000b5e00000, 0x00000000b5e00000|100%| E|CS|TAMS 0x00000000b5d00000, 0x00000000b5d00000| Complete 
| 862|0x00000000b5e00000, 0x00000000b5f00000, 0x00000000b5f00000|100%| E|CS|TAMS 0x00000000b5e00000, 0x00000000b5e00000| Complete 
| 863|0x00000000b5f00000, 0x00000000b6000000, 0x00000000b6000000|100%| E|CS|TAMS 0x00000000b5f00000, 0x00000000b5f00000| Complete 
| 864|0x00000000b6000000, 0x00000000b6100000, 0x00000000b6100000|100%| E|CS|TAMS 0x00000000b6000000, 0x00000000b6000000| Complete 
| 865|0x00000000b6100000, 0x00000000b6200000, 0x00000000b6200000|100%| E|CS|TAMS 0x00000000b6100000, 0x00000000b6100000| Complete 
| 866|0x00000000b6200000, 0x00000000b6300000, 0x00000000b6300000|100%| E|CS|TAMS 0x00000000b6200000, 0x00000000b6200000| Complete 
| 867|0x00000000b6300000, 0x00000000b6400000, 0x00000000b6400000|100%| E|CS|TAMS 0x00000000b6300000, 0x00000000b6300000| Complete 
| 868|0x00000000b6400000, 0x00000000b6500000, 0x00000000b6500000|100%| E|CS|TAMS 0x00000000b6400000, 0x00000000b6400000| Complete 
| 869|0x00000000b6500000, 0x00000000b6600000, 0x00000000b6600000|100%| E|CS|TAMS 0x00000000b6500000, 0x00000000b6500000| Complete 
| 870|0x00000000b6600000, 0x00000000b6700000, 0x00000000b6700000|100%| E|CS|TAMS 0x00000000b6600000, 0x00000000b6600000| Complete 
| 871|0x00000000b6700000, 0x00000000b6800000, 0x00000000b6800000|100%| E|CS|TAMS 0x00000000b6700000, 0x00000000b6700000| Complete 
| 872|0x00000000b6800000, 0x00000000b6900000, 0x00000000b6900000|100%| E|CS|TAMS 0x00000000b6800000, 0x00000000b6800000| Complete 
| 873|0x00000000b6900000, 0x00000000b6a00000, 0x00000000b6a00000|100%| E|CS|TAMS 0x00000000b6900000, 0x00000000b6900000| Complete 
| 874|0x00000000b6a00000, 0x00000000b6b00000, 0x00000000b6b00000|100%| E|CS|TAMS 0x00000000b6a00000, 0x00000000b6a00000| Complete 
| 875|0x00000000b6b00000, 0x00000000b6c00000, 0x00000000b6c00000|100%| E|CS|TAMS 0x00000000b6b00000, 0x00000000b6b00000| Complete 
| 876|0x00000000b6c00000, 0x00000000b6d00000, 0x00000000b6d00000|100%| E|CS|TAMS 0x00000000b6c00000, 0x00000000b6c00000| Complete 
| 877|0x00000000b6d00000, 0x00000000b6e00000, 0x00000000b6e00000|100%| E|CS|TAMS 0x00000000b6d00000, 0x00000000b6d00000| Complete 
| 878|0x00000000b6e00000, 0x00000000b6f00000, 0x00000000b6f00000|100%| E|CS|TAMS 0x00000000b6e00000, 0x00000000b6e00000| Complete 
| 879|0x00000000b6f00000, 0x00000000b7000000, 0x00000000b7000000|100%| E|CS|TAMS 0x00000000b6f00000, 0x00000000b6f00000| Complete 
| 880|0x00000000b7000000, 0x00000000b7100000, 0x00000000b7100000|100%| E|CS|TAMS 0x00000000b7000000, 0x00000000b7000000| Complete 
| 881|0x00000000b7100000, 0x00000000b7200000, 0x00000000b7200000|100%| E|CS|TAMS 0x00000000b7100000, 0x00000000b7100000| Complete 
| 882|0x00000000b7200000, 0x00000000b7300000, 0x00000000b7300000|100%| E|CS|TAMS 0x00000000b7200000, 0x00000000b7200000| Complete 
| 883|0x00000000b7300000, 0x00000000b7400000, 0x00000000b7400000|100%| E|CS|TAMS 0x00000000b7300000, 0x00000000b7300000| Complete 
| 884|0x00000000b7400000, 0x00000000b7500000, 0x00000000b7500000|100%| E|CS|TAMS 0x00000000b7400000, 0x00000000b7400000| Complete 
| 885|0x00000000b7500000, 0x00000000b7600000, 0x00000000b7600000|100%| E|CS|TAMS 0x00000000b7500000, 0x00000000b7500000| Complete 
| 886|0x00000000b7600000, 0x00000000b7700000, 0x00000000b7700000|100%| E|CS|TAMS 0x00000000b7600000, 0x00000000b7600000| Complete 
| 887|0x00000000b7700000, 0x00000000b7800000, 0x00000000b7800000|100%| E|CS|TAMS 0x00000000b7700000, 0x00000000b7700000| Complete 
| 888|0x00000000b7800000, 0x00000000b7900000, 0x00000000b7900000|100%| E|CS|TAMS 0x00000000b7800000, 0x00000000b7800000| Complete 
| 889|0x00000000b7900000, 0x00000000b7a00000, 0x00000000b7a00000|100%| E|CS|TAMS 0x00000000b7900000, 0x00000000b7900000| Complete 
| 890|0x00000000b7a00000, 0x00000000b7b00000, 0x00000000b7b00000|100%| E|CS|TAMS 0x00000000b7a00000, 0x00000000b7a00000| Complete 
| 891|0x00000000b7b00000, 0x00000000b7c00000, 0x00000000b7c00000|100%| E|CS|TAMS 0x00000000b7b00000, 0x00000000b7b00000| Complete 
| 892|0x00000000b7c00000, 0x00000000b7d00000, 0x00000000b7d00000|100%| E|CS|TAMS 0x00000000b7c00000, 0x00000000b7c00000| Complete 
| 893|0x00000000b7d00000, 0x00000000b7e00000, 0x00000000b7e00000|100%| E|CS|TAMS 0x00000000b7d00000, 0x00000000b7d00000| Complete 
| 894|0x00000000b7e00000, 0x00000000b7f00000, 0x00000000b7f00000|100%| E|CS|TAMS 0x00000000b7e00000, 0x00000000b7e00000| Complete 
| 895|0x00000000b7f00000, 0x00000000b8000000, 0x00000000b8000000|100%| E|CS|TAMS 0x00000000b7f00000, 0x00000000b7f00000| Complete 
| 896|0x00000000b8000000, 0x00000000b8100000, 0x00000000b8100000|100%| E|CS|TAMS 0x00000000b8000000, 0x00000000b8000000| Complete 
| 897|0x00000000b8100000, 0x00000000b8200000, 0x00000000b8200000|100%| E|CS|TAMS 0x00000000b8100000, 0x00000000b8100000| Complete 
| 898|0x00000000b8200000, 0x00000000b8300000, 0x00000000b8300000|100%| E|CS|TAMS 0x00000000b8200000, 0x00000000b8200000| Complete 
| 899|0x00000000b8300000, 0x00000000b8400000, 0x00000000b8400000|100%| E|CS|TAMS 0x00000000b8300000, 0x00000000b8300000| Complete 
| 900|0x00000000b8400000, 0x00000000b8500000, 0x00000000b8500000|100%| E|CS|TAMS 0x00000000b8400000, 0x00000000b8400000| Complete 
| 901|0x00000000b8500000, 0x00000000b8600000, 0x00000000b8600000|100%| E|CS|TAMS 0x00000000b8500000, 0x00000000b8500000| Complete 
| 902|0x00000000b8600000, 0x00000000b8700000, 0x00000000b8700000|100%| E|CS|TAMS 0x00000000b8600000, 0x00000000b8600000| Complete 
| 903|0x00000000b8700000, 0x00000000b8800000, 0x00000000b8800000|100%| E|CS|TAMS 0x00000000b8700000, 0x00000000b8700000| Complete 
| 904|0x00000000b8800000, 0x00000000b8900000, 0x00000000b8900000|100%| E|CS|TAMS 0x00000000b8800000, 0x00000000b8800000| Complete 
| 905|0x00000000b8900000, 0x00000000b8a00000, 0x00000000b8a00000|100%| E|CS|TAMS 0x00000000b8900000, 0x00000000b8900000| Complete 
| 906|0x00000000b8a00000, 0x00000000b8b00000, 0x00000000b8b00000|100%| E|CS|TAMS 0x00000000b8a00000, 0x00000000b8a00000| Complete 
| 907|0x00000000b8b00000, 0x00000000b8c00000, 0x00000000b8c00000|100%| E|CS|TAMS 0x00000000b8b00000, 0x00000000b8b00000| Complete 
| 908|0x00000000b8c00000, 0x00000000b8d00000, 0x00000000b8d00000|100%| E|CS|TAMS 0x00000000b8c00000, 0x00000000b8c00000| Complete 
| 909|0x00000000b8d00000, 0x00000000b8e00000, 0x00000000b8e00000|100%| E|CS|TAMS 0x00000000b8d00000, 0x00000000b8d00000| Complete 
| 910|0x00000000b8e00000, 0x00000000b8f00000, 0x00000000b8f00000|100%| E|CS|TAMS 0x00000000b8e00000, 0x00000000b8e00000| Complete 
| 911|0x00000000b8f00000, 0x00000000b9000000, 0x00000000b9000000|100%| E|CS|TAMS 0x00000000b8f00000, 0x00000000b8f00000| Complete 
| 912|0x00000000b9000000, 0x00000000b9100000, 0x00000000b9100000|100%| S|CS|TAMS 0x00000000b9000000, 0x00000000b9000000| Complete 
| 913|0x00000000b9100000, 0x00000000b9200000, 0x00000000b9200000|100%| S|CS|TAMS 0x00000000b9100000, 0x00000000b9100000| Complete 
| 914|0x00000000b9200000, 0x00000000b9300000, 0x00000000b9300000|100%| S|CS|TAMS 0x00000000b9200000, 0x00000000b9200000| Complete 
| 915|0x00000000b9300000, 0x00000000b9400000, 0x00000000b9400000|100%| S|CS|TAMS 0x00000000b9300000, 0x00000000b9300000| Complete 
| 916|0x00000000b9400000, 0x00000000b9500000, 0x00000000b9500000|100%| S|CS|TAMS 0x00000000b9400000, 0x00000000b9400000| Complete 
| 917|0x00000000b9500000, 0x00000000b9600000, 0x00000000b9600000|100%| S|CS|TAMS 0x00000000b9500000, 0x00000000b9500000| Complete 
| 918|0x00000000b9600000, 0x00000000b9700000, 0x00000000b9700000|100%| E|CS|TAMS 0x00000000b9600000, 0x00000000b9600000| Complete 
| 919|0x00000000b9700000, 0x00000000b9800000, 0x00000000b9800000|100%| E|CS|TAMS 0x00000000b9700000, 0x00000000b9700000| Complete 
| 920|0x00000000b9800000, 0x00000000b9900000, 0x00000000b9900000|100%| E|CS|TAMS 0x00000000b9800000, 0x00000000b9800000| Complete 
| 921|0x00000000b9900000, 0x00000000b9a00000, 0x00000000b9a00000|100%| E|CS|TAMS 0x00000000b9900000, 0x00000000b9900000| Complete 
| 922|0x00000000b9a00000, 0x00000000b9b00000, 0x00000000b9b00000|100%| E|CS|TAMS 0x00000000b9a00000, 0x00000000b9a00000| Complete 
| 923|0x00000000b9b00000, 0x00000000b9c00000, 0x00000000b9c00000|100%| E|CS|TAMS 0x00000000b9b00000, 0x00000000b9b00000| Complete 
| 924|0x00000000b9c00000, 0x00000000b9d00000, 0x00000000b9d00000|100%| E|CS|TAMS 0x00000000b9c00000, 0x00000000b9c00000| Complete 
| 925|0x00000000b9d00000, 0x00000000b9e00000, 0x00000000b9e00000|100%| E|CS|TAMS 0x00000000b9d00000, 0x00000000b9d00000| Complete 
| 926|0x00000000b9e00000, 0x00000000b9f00000, 0x00000000b9f00000|100%| E|CS|TAMS 0x00000000b9e00000, 0x00000000b9e00000| Complete 
| 927|0x00000000b9f00000, 0x00000000ba000000, 0x00000000ba000000|100%| E|CS|TAMS 0x00000000b9f00000, 0x00000000b9f00000| Complete 
| 928|0x00000000ba000000, 0x00000000ba100000, 0x00000000ba100000|100%| E|CS|TAMS 0x00000000ba000000, 0x00000000ba000000| Complete 
| 929|0x00000000ba100000, 0x00000000ba200000, 0x00000000ba200000|100%| E|CS|TAMS 0x00000000ba100000, 0x00000000ba100000| Complete 
| 930|0x00000000ba200000, 0x00000000ba300000, 0x00000000ba300000|100%| E|CS|TAMS 0x00000000ba200000, 0x00000000ba200000| Complete 
| 931|0x00000000ba300000, 0x00000000ba400000, 0x00000000ba400000|100%| E|CS|TAMS 0x00000000ba300000, 0x00000000ba300000| Complete 
| 932|0x00000000ba400000, 0x00000000ba500000, 0x00000000ba500000|100%| E|CS|TAMS 0x00000000ba400000, 0x00000000ba400000| Complete 
| 933|0x00000000ba500000, 0x00000000ba600000, 0x00000000ba600000|100%| E|CS|TAMS 0x00000000ba500000, 0x00000000ba500000| Complete 
| 934|0x00000000ba600000, 0x00000000ba700000, 0x00000000ba700000|100%| E|CS|TAMS 0x00000000ba600000, 0x00000000ba600000| Complete 
| 935|0x00000000ba700000, 0x00000000ba800000, 0x00000000ba800000|100%| E|CS|TAMS 0x00000000ba700000, 0x00000000ba700000| Complete 
| 936|0x00000000ba800000, 0x00000000ba900000, 0x00000000ba900000|100%| E|CS|TAMS 0x00000000ba800000, 0x00000000ba800000| Complete 
| 937|0x00000000ba900000, 0x00000000baa00000, 0x00000000baa00000|100%| E|CS|TAMS 0x00000000ba900000, 0x00000000ba900000| Complete 
| 938|0x00000000baa00000, 0x00000000bab00000, 0x00000000bab00000|100%| E|CS|TAMS 0x00000000baa00000, 0x00000000baa00000| Complete 
| 939|0x00000000bab00000, 0x00000000bac00000, 0x00000000bac00000|100%| E|CS|TAMS 0x00000000bab00000, 0x00000000bab00000| Complete 
| 940|0x00000000bac00000, 0x00000000bad00000, 0x00000000bad00000|100%| E|CS|TAMS 0x00000000bac00000, 0x00000000bac00000| Complete 
| 941|0x00000000bad00000, 0x00000000bae00000, 0x00000000bae00000|100%| E|CS|TAMS 0x00000000bad00000, 0x00000000bad00000| Complete 
| 942|0x00000000bae00000, 0x00000000baf00000, 0x00000000baf00000|100%| E|CS|TAMS 0x00000000bae00000, 0x00000000bae00000| Complete 
| 943|0x00000000baf00000, 0x00000000bb000000, 0x00000000bb000000|100%| E|CS|TAMS 0x00000000baf00000, 0x00000000baf00000| Complete 
| 944|0x00000000bb000000, 0x00000000bb100000, 0x00000000bb100000|100%| E|CS|TAMS 0x00000000bb000000, 0x00000000bb000000| Complete 
| 945|0x00000000bb100000, 0x00000000bb200000, 0x00000000bb200000|100%| E|CS|TAMS 0x00000000bb100000, 0x00000000bb100000| Complete 
| 946|0x00000000bb200000, 0x00000000bb300000, 0x00000000bb300000|100%| E|CS|TAMS 0x00000000bb200000, 0x00000000bb200000| Complete 
| 947|0x00000000bb300000, 0x00000000bb400000, 0x00000000bb400000|100%| E|CS|TAMS 0x00000000bb300000, 0x00000000bb300000| Complete 
| 948|0x00000000bb400000, 0x00000000bb500000, 0x00000000bb500000|100%| E|CS|TAMS 0x00000000bb400000, 0x00000000bb400000| Complete 
| 949|0x00000000bb500000, 0x00000000bb600000, 0x00000000bb600000|100%| E|CS|TAMS 0x00000000bb500000, 0x00000000bb500000| Complete 
| 950|0x00000000bb600000, 0x00000000bb700000, 0x00000000bb700000|100%| E|CS|TAMS 0x00000000bb600000, 0x00000000bb600000| Complete 
| 951|0x00000000bb700000, 0x00000000bb800000, 0x00000000bb800000|100%| E|CS|TAMS 0x00000000bb700000, 0x00000000bb700000| Complete 
| 952|0x00000000bb800000, 0x00000000bb900000, 0x00000000bb900000|100%| E|CS|TAMS 0x00000000bb800000, 0x00000000bb800000| Complete 
| 953|0x00000000bb900000, 0x00000000bba00000, 0x00000000bba00000|100%| E|CS|TAMS 0x00000000bb900000, 0x00000000bb900000| Complete 
| 954|0x00000000bba00000, 0x00000000bbb00000, 0x00000000bbb00000|100%| E|CS|TAMS 0x00000000bba00000, 0x00000000bba00000| Complete 
| 955|0x00000000bbb00000, 0x00000000bbc00000, 0x00000000bbc00000|100%| E|CS|TAMS 0x00000000bbb00000, 0x00000000bbb00000| Complete 
| 956|0x00000000bbc00000, 0x00000000bbd00000, 0x00000000bbd00000|100%| E|CS|TAMS 0x00000000bbc00000, 0x00000000bbc00000| Complete 

Card table byte_map: [0x000001fc748f0000,0x000001fc74cf0000] _byte_map_base: 0x000001fc744f0000

Marking Bits (Prev, Next): (CMBitMap*) 0x000001fc5b9fc5e0, (CMBitMap*) 0x000001fc5b9fc5a0
 Prev Bits: [0x000001fc770f0000, 0x000001fc790f0000)
 Next Bits: [0x000001fc750f0000, 0x000001fc770f0000)

Polling page: 0x000001fc5b4c0000

Metaspace:

Usage:
  Non-class:    149.94 MB used.
      Class:     22.79 MB used.
       Both:    172.73 MB used.

Virtual space:
  Non-class space:      192.00 MB reserved,     151.06 MB ( 79%) committed,  3 nodes.
      Class space:      416.00 MB reserved,      23.94 MB (  6%) committed,  1 nodes.
             Both:      608.00 MB reserved,     175.00 MB ( 29%) committed. 

Chunk freelists:
   Non-Class:  8.11 MB
       Class:  8.15 MB
        Both:  16.26 MB

MaxMetaspaceSize: 512.00 MB
CompressedClassSpaceSize: 416.00 MB
Initial GC threshold: 21.00 MB
Current GC threshold: 290.88 MB
CDS: on
MetaspaceReclaimPolicy: balanced
 - commit_granule_bytes: 65536.
 - commit_granule_words: 8192.
 - virtual_space_node_default_size: 8388608.
 - enlarge_chunks_in_place: 1.
 - new_chunks_are_fully_committed: 0.
 - uncommit_free_chunks: 1.
 - use_allocation_guard: 0.
 - handle_deallocations: 1.


Internal statistics:

num_allocs_failed_limit: 6.
num_arena_births: 3718.
num_arena_deaths: 462.
num_vsnodes_births: 4.
num_vsnodes_deaths: 0.
num_space_committed: 2818.
num_space_uncommitted: 21.
num_chunks_returned_to_freelist: 705.
num_chunks_taken_from_freelist: 12121.
num_chunk_merges: 244.
num_chunk_splits: 7436.
num_chunks_enlarged: 4367.
num_inconsistent_stats: 0.

CodeHeap 'non-profiled nmethods': size=120000Kb used=25597Kb max_used=25630Kb free=94402Kb
 bounds [0x000001fc6c330000, 0x000001fc6dc40000, 0x000001fc73860000]
CodeHeap 'profiled nmethods': size=120000Kb used=62824Kb max_used=62846Kb free=57175Kb
 bounds [0x000001fc64860000, 0x000001fc685d0000, 0x000001fc6bd90000]
CodeHeap 'non-nmethods': size=5760Kb used=2571Kb max_used=2646Kb free=3188Kb
 bounds [0x000001fc6bd90000, 0x000001fc6c030000, 0x000001fc6c330000]
 total_blobs=32273 nmethods=31150 adapters=1032
 compilation: enabled
              stopped_count=0, restarted_count=0
 full_count=0

Compilation events (20 events):
Event: 2825.756 Thread 0x000001fc7baf5cd0 nmethod 41485 0x000001fc685a9f90 code [0x000001fc685aa140, 0x000001fc685aa338]
Event: 2825.757 Thread 0x000001fc7baf5cd0 41486       2       com.android.tools.r8.internal.Kf::e (22 bytes)
Event: 2825.757 Thread 0x000001fc7baf5cd0 nmethod 41486 0x000001fc685aa490 code [0x000001fc685aa620, 0x000001fc685aa738]
Event: 2825.757 Thread 0x000001fc7baf5cd0 41487       2       com.android.tools.r8.internal.Kf::d (16 bytes)
Event: 2825.757 Thread 0x000001fc7baf5cd0 nmethod 41487 0x000001fc685aa810 code [0x000001fc685aa9a0, 0x000001fc685aaab8]
Event: 2825.759 Thread 0x000001fc7baf5cd0 41488       2       com.android.tools.r8.internal.Hf::a (270 bytes)
Event: 2825.759 Thread 0x000001fc7baf5cd0 nmethod 41488 0x000001fc685aab90 code [0x000001fc685aad60, 0x000001fc685ab058]
Event: 2825.760 Thread 0x000001fc7baf5cd0 41489       2       com.android.tools.r8.internal.If::a (198 bytes)
Event: 2825.761 Thread 0x000001fc7baf5cd0 nmethod 41489 0x000001fc685ab290 code [0x000001fc685ab480, 0x000001fc685ab7a8]
Event: 2825.761 Thread 0x000001fc7baf5cd0 41490       2       com.android.tools.r8.internal.Kf::a (70 bytes)
Event: 2825.763 Thread 0x000001fc7baf5cd0 nmethod 41490 0x000001fc685aba10 code [0x000001fc685abc20, 0x000001fc685ac168]
Event: 2825.783 Thread 0x000001fc7baf5cd0 41492       2       com.android.tools.r8.internal.Hf::a (288 bytes)
Event: 2825.786 Thread 0x000001fc7baf5cd0 nmethod 41492 0x000001fc685ac690 code [0x000001fc685ac980, 0x000001fc685ad838]
Event: 2825.786 Thread 0x000001fc7baf5cd0 41493       2       com.android.tools.r8.dex.code.c1::<init> (6 bytes)
Event: 2825.786 Thread 0x000001fc7baf5cd0 nmethod 41493 0x000001fc685ae210 code [0x000001fc685ae3a0, 0x000001fc685ae4c8]
Event: 2825.786 Thread 0x000001fc7baf5cd0 41494       2       com.android.tools.r8.dex.code.J0::<init> (42 bytes)
Event: 2825.786 Thread 0x000001fc7baf5cd0 nmethod 41494 0x000001fc685ae590 code [0x000001fc685ae720, 0x000001fc685ae838]
Event: 2825.792 Thread 0x000001fc7baf5cd0 41495       2       com.android.tools.r8.dex.code.N0::<init> (76 bytes)
Event: 2825.793 Thread 0x000001fc7baf5cd0 nmethod 41495 0x000001fc685ae910 code [0x000001fc685aeaa0, 0x000001fc685aebb8]
Event: 2825.793 Thread 0x000001fc7baf5cd0 41496       2       com.android.tools.r8.internal.Of::a (817 bytes)

GC Heap History (20 events):
Event: 2809.817 GC heap before
{Heap before GC invocations=108 (full 0):
 garbage-first heap   total 777216K, used 656327K [0x0000000080000000, 0x0000000100000000)
  region size 1024K, 266 young (272384K), 10 survivors (10240K)
 Metaspace       used 163092K, committed 165312K, reserved 622592K
  class space    used 21008K, committed 22016K, reserved 425984K
}
Event: 2809.844 GC heap after
{Heap after GC invocations=109 (full 0):
 garbage-first heap   total 777216K, used 389203K [0x0000000080000000, 0x0000000100000000)
  region size 1024K, 25 young (25600K), 25 survivors (25600K)
 Metaspace       used 163092K, committed 165312K, reserved 622592K
  class space    used 21008K, committed 22016K, reserved 425984K
}
Event: 2813.349 GC heap before
{Heap before GC invocations=109 (full 0):
 garbage-first heap   total 777216K, used 689235K [0x0000000080000000, 0x0000000100000000)
  region size 1024K, 262 young (268288K), 25 survivors (25600K)
 Metaspace       used 172464K, committed 174656K, reserved 622592K
  class space    used 22650K, committed 23680K, reserved 425984K
}
Event: 2813.479 GC heap after
{Heap after GC invocations=110 (full 0):
 garbage-first heap   total 777216K, used 476257K [0x0000000080000000, 0x0000000100000000)
  region size 1024K, 33 young (33792K), 33 survivors (33792K)
 Metaspace       used 172464K, committed 174656K, reserved 622592K
  class space    used 22650K, committed 23680K, reserved 425984K
}
Event: 2815.033 GC heap before
{Heap before GC invocations=110 (full 0):
 garbage-first heap   total 777216K, used 649313K [0x0000000080000000, 0x0000000100000000)
  region size 1024K, 181 young (185344K), 33 survivors (33792K)
 Metaspace       used 175301K, committed 177472K, reserved 622592K
  class space    used 23114K, committed 24128K, reserved 425984K
}
Event: 2815.112 GC heap after
{Heap after GC invocations=111 (full 0):
 garbage-first heap   total 777216K, used 525627K [0x0000000080000000, 0x0000000100000000)
  region size 1024K, 23 young (23552K), 23 survivors (23552K)
 Metaspace       used 175301K, committed 177472K, reserved 622592K
  class space    used 23114K, committed 24128K, reserved 425984K
}
Event: 2815.502 GC heap before
{Heap before GC invocations=111 (full 0):
 garbage-first heap   total 777216K, used 638267K [0x0000000080000000, 0x0000000100000000)
  region size 1024K, 133 young (136192K), 23 survivors (23552K)
 Metaspace       used 175480K, committed 177728K, reserved 622592K
  class space    used 23141K, committed 24192K, reserved 425984K
}
Event: 2815.564 GC heap after
{Heap after GC invocations=112 (full 0):
 garbage-first heap   total 777216K, used 570311K [0x0000000080000000, 0x0000000100000000)
  region size 1024K, 17 young (17408K), 17 survivors (17408K)
 Metaspace       used 175480K, committed 177728K, reserved 622592K
  class space    used 23141K, committed 24192K, reserved 425984K
}
Event: 2815.989 GC heap before
{Heap before GC invocations=112 (full 0):
 garbage-first heap   total 777216K, used 644039K [0x0000000080000000, 0x0000000100000000)
  region size 1024K, 90 young (92160K), 17 survivors (17408K)
 Metaspace       used 176376K, committed 178688K, reserved 622592K
  class space    used 23272K, committed 24320K, reserved 425984K
}
Event: 2816.026 GC heap after
{Heap after GC invocations=113 (full 0):
 garbage-first heap   total 777216K, used 596423K [0x0000000080000000, 0x0000000100000000)
  region size 1024K, 12 young (12288K), 12 survivors (12288K)
 Metaspace       used 176376K, committed 178688K, reserved 622592K
  class space    used 23272K, committed 24320K, reserved 425984K
}
Event: 2816.896 GC heap before
{Heap before GC invocations=113 (full 0):
 garbage-first heap   total 777216K, used 653767K [0x0000000080000000, 0x0000000100000000)
  region size 1024K, 69 young (70656K), 12 survivors (12288K)
 Metaspace       used 177331K, committed 179584K, reserved 622592K
  class space    used 23388K, committed 24448K, reserved 425984K
}
Event: 2816.922 GC heap after
{Heap after GC invocations=114 (full 0):
 garbage-first heap   total 777216K, used 607816K [0x0000000080000000, 0x0000000100000000)
  region size 1024K, 9 young (9216K), 9 survivors (9216K)
 Metaspace       used 177331K, committed 179584K, reserved 622592K
  class space    used 23388K, committed 24448K, reserved 425984K
}
Event: 2817.351 GC heap before
{Heap before GC invocations=114 (full 0):
 garbage-first heap   total 777216K, used 661064K [0x0000000080000000, 0x0000000100000000)
  region size 1024K, 62 young (63488K), 9 survivors (9216K)
 Metaspace       used 177495K, committed 179712K, reserved 622592K
  class space    used 23398K, committed 24448K, reserved 425984K
}
Event: 2817.360 GC heap after
{Heap after GC invocations=115 (full 0):
 garbage-first heap   total 777216K, used 610219K [0x0000000080000000, 0x0000000100000000)
  region size 1024K, 3 young (3072K), 3 survivors (3072K)
 Metaspace       used 177495K, committed 179712K, reserved 622592K
  class space    used 23398K, committed 24448K, reserved 425984K
}
Event: 2818.118 GC heap before
{Heap before GC invocations=115 (full 0):
 garbage-first heap   total 777216K, used 666539K [0x0000000080000000, 0x0000000100000000)
  region size 1024K, 58 young (59392K), 3 survivors (3072K)
 Metaspace       used 177778K, committed 180032K, reserved 622592K
  class space    used 23446K, committed 24512K, reserved 425984K
}
Event: 2818.124 GC heap after
{Heap after GC invocations=116 (full 0):
 garbage-first heap   total 777216K, used 610538K [0x0000000080000000, 0x0000000100000000)
  region size 1024K, 3 young (3072K), 3 survivors (3072K)
 Metaspace       used 177778K, committed 180032K, reserved 622592K
  class space    used 23446K, committed 24512K, reserved 425984K
}
Event: 2819.997 GC heap before
{Heap before GC invocations=117 (full 0):
 garbage-first heap   total 979968K, used 632042K [0x0000000080000000, 0x0000000100000000)
  region size 1024K, 61 young (62464K), 3 survivors (3072K)
 Metaspace       used 175691K, committed 178752K, reserved 622592K
  class space    used 23269K, committed 24512K, reserved 425984K
}
Event: 2820.010 GC heap after
{Heap after GC invocations=118 (full 0):
 garbage-first heap   total 979968K, used 579904K [0x0000000080000000, 0x0000000100000000)
  region size 1024K, 8 young (8192K), 8 survivors (8192K)
 Metaspace       used 175691K, committed 178752K, reserved 622592K
  class space    used 23269K, committed 24512K, reserved 425984K
}
Event: 2820.777 GC heap before
{Heap before GC invocations=118 (full 0):
 garbage-first heap   total 979968K, used 619840K [0x0000000080000000, 0x0000000100000000)
  region size 1024K, 47 young (48128K), 8 survivors (8192K)
 Metaspace       used 175919K, committed 178752K, reserved 622592K
  class space    used 23273K, committed 24512K, reserved 425984K
}
Event: 2820.857 GC heap after
{Heap after GC invocations=119 (full 0):
 garbage-first heap   total 979968K, used 514025K [0x0000000080000000, 0x0000000100000000)
  region size 1024K, 6 young (6144K), 6 survivors (6144K)
 Metaspace       used 175919K, committed 178752K, reserved 622592K
  class space    used 23273K, committed 24512K, reserved 425984K
}

Deoptimization events (20 events):
Event: 2825.050 Thread 0x000001fc2e91fd90 DEOPT PACKING pc=0x000001fc665ec6b4 sp=0x000000454befebf0
Event: 2825.050 Thread 0x000001fc2e91fd90 DEOPT UNPACKING pc=0x000001fc6bde2b43 sp=0x000000454befe0d8 mode 0
Event: 2825.055 Thread 0x000001fc2e91fd90 DEOPT PACKING pc=0x000001fc665ec6b4 sp=0x000000454befebf0
Event: 2825.055 Thread 0x000001fc2e91fd90 DEOPT UNPACKING pc=0x000001fc6bde2b43 sp=0x000000454befe0d8 mode 0
Event: 2825.794 Thread 0x000001fc2ad15210 Uncommon trap: trap_request=0xffffffbe fr.pc=0x000001fc6daca110 relative=0x0000000000000b50
Event: 2825.794 Thread 0x000001fc2ad15210 Uncommon trap: reason=profile_predicate action=maybe_recompile pc=0x000001fc6daca110 method=com.android.tools.r8.graph.H4.g(Ljava/util/function/Function;)Lcom/android/tools/r8/utils/F3; @ 14 c2
Event: 2825.794 Thread 0x000001fc2ad15210 DEOPT PACKING pc=0x000001fc6daca110 sp=0x00000045408fa900
Event: 2825.794 Thread 0x000001fc2ad15210 DEOPT UNPACKING pc=0x000001fc6bde23a3 sp=0x00000045408fa868 mode 2
Event: 2825.800 Thread 0x000001fc2ad15210 Uncommon trap: trap_request=0xffffff6e fr.pc=0x000001fc6dbe9798 relative=0x0000000000000738
Event: 2825.800 Thread 0x000001fc2ad15210 Uncommon trap: reason=loop_limit_check action=maybe_recompile pc=0x000001fc6dbe9798 method=com.android.tools.r8.internal.E.putAll(Ljava/util/Map;)V @ 31 c2
Event: 2825.800 Thread 0x000001fc2ad15210 DEOPT PACKING pc=0x000001fc6dbe9798 sp=0x00000045408f90f0
Event: 2825.800 Thread 0x000001fc2ad15210 DEOPT UNPACKING pc=0x000001fc6bde23a3 sp=0x00000045408f90e0 mode 2
Event: 2825.801 Thread 0x000001fc2ad15210 Uncommon trap: trap_request=0xffffffbe fr.pc=0x000001fc6daca0cc relative=0x0000000000000b0c
Event: 2825.801 Thread 0x000001fc2ad15210 Uncommon trap: reason=profile_predicate action=maybe_recompile pc=0x000001fc6daca0cc method=com.android.tools.r8.graph.H4.g(Ljava/util/function/Function;)Lcom/android/tools/r8/utils/F3; @ 60 c2
Event: 2825.801 Thread 0x000001fc2ad15210 DEOPT PACKING pc=0x000001fc6daca0cc sp=0x00000045408fa900
Event: 2825.801 Thread 0x000001fc2ad15210 DEOPT UNPACKING pc=0x000001fc6bde23a3 sp=0x00000045408fa868 mode 2
Event: 2825.801 Thread 0x000001fc2ad15210 Uncommon trap: trap_request=0xffffffbe fr.pc=0x000001fc6daca110 relative=0x0000000000000b50
Event: 2825.801 Thread 0x000001fc2ad15210 Uncommon trap: reason=profile_predicate action=maybe_recompile pc=0x000001fc6daca110 method=com.android.tools.r8.graph.H4.g(Ljava/util/function/Function;)Lcom/android/tools/r8/utils/F3; @ 14 c2
Event: 2825.801 Thread 0x000001fc2ad15210 DEOPT PACKING pc=0x000001fc6daca110 sp=0x00000045408fa900
Event: 2825.801 Thread 0x000001fc2ad15210 DEOPT UNPACKING pc=0x000001fc6bde23a3 sp=0x00000045408fa868 mode 2

Classes unloaded (20 events):
Event: 2818.203 Thread 0x000001fc7bad6a20 Unloading class 0x000001fc021a3000 'java/lang/invoke/LambdaForm$MH+0x000001fc021a3000'
Event: 2818.203 Thread 0x000001fc7bad6a20 Unloading class 0x000001fc021a2c00 'java/lang/invoke/LambdaForm$MH+0x000001fc021a2c00'
Event: 2818.203 Thread 0x000001fc7bad6a20 Unloading class 0x000001fc021a2400 'java/lang/invoke/LambdaForm$MH+0x000001fc021a2400'
Event: 2818.203 Thread 0x000001fc7bad6a20 Unloading class 0x000001fc021a2000 'java/lang/invoke/LambdaForm$MH+0x000001fc021a2000'
Event: 2818.203 Thread 0x000001fc7bad6a20 Unloading class 0x000001fc021a1400 'java/lang/invoke/LambdaForm$MH+0x000001fc021a1400'
Event: 2818.203 Thread 0x000001fc7bad6a20 Unloading class 0x000001fc021a0c00 'java/lang/invoke/LambdaForm$MH+0x000001fc021a0c00'
Event: 2818.203 Thread 0x000001fc7bad6a20 Unloading class 0x000001fc021a1800 'java/lang/invoke/LambdaForm$MH+0x000001fc021a1800'
Event: 2818.203 Thread 0x000001fc7bad6a20 Unloading class 0x000001fc021a1000 'java/lang/invoke/LambdaForm$MH+0x000001fc021a1000'
Event: 2818.203 Thread 0x000001fc7bad6a20 Unloading class 0x000001fc021a0400 'java/lang/invoke/LambdaForm$MH+0x000001fc021a0400'
Event: 2818.203 Thread 0x000001fc7bad6a20 Unloading class 0x000001fc021a0000 'java/lang/invoke/LambdaForm$MH+0x000001fc021a0000'
Event: 2818.203 Thread 0x000001fc7bad6a20 Unloading class 0x000001fc0219fc00 'java/lang/invoke/LambdaForm$MH+0x000001fc0219fc00'
Event: 2818.203 Thread 0x000001fc7bad6a20 Unloading class 0x000001fc0219f800 'java/lang/invoke/LambdaForm$MH+0x000001fc0219f800'
Event: 2818.203 Thread 0x000001fc7bad6a20 Unloading class 0x000001fc0219f000 'java/lang/invoke/LambdaForm$MH+0x000001fc0219f000'
Event: 2818.203 Thread 0x000001fc7bad6a20 Unloading class 0x000001fc0219f400 'java/lang/invoke/LambdaForm$MH+0x000001fc0219f400'
Event: 2818.203 Thread 0x000001fc7bad6a20 Unloading class 0x000001fc01e9a400 'jdk/internal/reflect/GeneratedConstructorAccessor137'
Event: 2818.203 Thread 0x000001fc7bad6a20 Unloading class 0x000001fc01e8c400 'jdk/internal/reflect/GeneratedMethodAccessor73'
Event: 2818.204 Thread 0x000001fc7bad6a20 Unloading class 0x000001fc01e91488 'org/gradle/api/Project$getTasksByName$2'
Event: 2818.204 Thread 0x000001fc7bad6a20 Unloading class 0x000001fc01e91000 'org/gradle/api/Project$getProperties$1'
Event: 2818.204 Thread 0x000001fc7bad6a20 Unloading class 0x000001fc01c6d000 'org/gradle/api/Project$hasProperty$0'
Event: 2818.204 Thread 0x000001fc7bad6a20 Unloading class 0x000001fc01c65800 'org/gradle/api/Project$dependencies'

Classes redefined (0 events):
No events

Internal exceptions (20 events):
Event: 2815.769 Thread 0x000001fc22e9af30 Exception <a 'java/lang/NoSuchMethodError'{0x00000000ac5fc730}: 'void java.lang.invoke.DirectMethodHandle$Holder.invokeStatic(java.lang.Object, java.lang.Object, java.lang.Object, java.lang.Object, java.lang.Object, java.lang.Object, java.lang.Object, java.lang.Object)'> (0x00000000ac5fc730) 
thrown [s\open\src\hotspot\share\interpreter\linkResolver.cpp, line 759]
Event: 2816.143 Thread 0x000001fc22e9af30 Exception <a 'java/lang/IncompatibleClassChangeError'{0x00000000ae8b6680}: Found class java.lang.Object, but interface was expected> (0x00000000ae8b6680) 
thrown [s\open\src\hotspot\share\interpreter\linkResolver.cpp, line 826]
Event: 2816.540 Thread 0x000001fc22e9af30 Exception <a 'sun/nio/fs/WindowsException'{0x00000000ad4d2db8}> (0x00000000ad4d2db8) 
thrown [s\open\src\hotspot\share\prims\jni.cpp, line 516]
Event: 2816.671 Thread 0x000001fc22e96d60 Exception <a 'sun/nio/fs/WindowsException'{0x00000000ad07c948}> (0x00000000ad07c948) 
thrown [s\open\src\hotspot\share\prims\jni.cpp, line 516]
Event: 2816.842 Thread 0x000001fc22e9af30 Exception <a 'sun/nio/fs/WindowsException'{0x00000000ac254100}> (0x00000000ac254100) 
thrown [s\open\src\hotspot\share\prims\jni.cpp, line 516]
Event: 2817.099 Thread 0x000001fc2ad15210 Exception <a 'java/lang/NoSuchMethodError'{0x00000000ae1b4fc8}: 'int java.lang.invoke.DirectMethodHandle$Holder.invokeInterface(java.lang.Object, java.lang.Object, int)'> (0x00000000ae1b4fc8) 
thrown [s\open\src\hotspot\share\interpreter\linkResolver.cpp, line 759]
Event: 2817.305 Thread 0x000001fc22e9af30 Exception <a 'sun/nio/fs/WindowsException'{0x00000000ad2fcf60}> (0x00000000ad2fcf60) 
thrown [s\open\src\hotspot\share\prims\jni.cpp, line 516]
Event: 2817.334 Thread 0x000001fc22e9af30 Exception <a 'sun/nio/fs/WindowsException'{0x00000000acce4bb0}> (0x00000000acce4bb0) 
thrown [s\open\src\hotspot\share\prims\jni.cpp, line 516]
Event: 2817.666 Thread 0x000001fc2e77ce20 Exception <a 'java/lang/NoSuchMethodError'{0x00000000ae4dd960}: 'java.lang.Object java.lang.invoke.DirectMethodHandle$Holder.newInvokeSpecial(java.lang.Object, int, java.lang.Object, java.lang.Object)'> (0x00000000ae4dd960) 
thrown [s\open\src\hotspot\share\interpreter\linkResolver.cpp, line 759]
Event: 2817.677 Thread 0x000001fc2e77ce20 Exception <a 'java/lang/NoSuchMethodError'{0x00000000ae4eca78}: 'java.lang.Object java.lang.invoke.DirectMethodHandle$Holder.invokeSpecial(java.lang.Object, java.lang.Object, int, java.lang.Object, java.lang.Object)'> (0x00000000ae4eca78) 
thrown [s\open\src\hotspot\share\interpreter\linkResolver.cpp, line 759]
Event: 2817.824 Thread 0x000001fc22e9af30 Exception <a 'sun/nio/fs/WindowsException'{0x00000000af6e1948}> (0x00000000af6e1948) 
thrown [s\open\src\hotspot\share\prims\jni.cpp, line 516]
Event: 2817.933 Thread 0x000001fc2ad15c30 Implicit null exception at 0x000001fc6d5929b9 to 0x000001fc6d592be0
Event: 2817.979 Thread 0x000001fc22e96d60 Exception <a 'sun/nio/fs/WindowsException'{0x00000000ad8ddad8}> (0x00000000ad8ddad8) 
thrown [s\open\src\hotspot\share\prims\jni.cpp, line 516]
Event: 2818.048 Thread 0x000001fc22e9af30 Exception <a 'sun/nio/fs/WindowsException'{0x00000000acc0f720}> (0x00000000acc0f720) 
thrown [s\open\src\hotspot\share\prims\jni.cpp, line 516]
Event: 2818.671 Thread 0x000001fc2ad15c30 Exception <a 'sun/nio/fs/WindowsException'{0x00000000bbba4cc0}> (0x00000000bbba4cc0) 
thrown [s\open\src\hotspot\share\prims\jni.cpp, line 516]
Event: 2818.730 Thread 0x000001fc22e9af30 Exception <a 'sun/nio/fs/WindowsException'{0x00000000bbb2e158}> (0x00000000bbb2e158) 
thrown [s\open\src\hotspot\share\prims\jni.cpp, line 516]
Event: 2819.221 Thread 0x000001fc2ad142e0 Exception <a 'java/lang/NoSuchMethodError'{0x00000000aeb0c5f8}: 'void java.lang.invoke.DirectMethodHandle$Holder.invokeSpecialIFC(java.lang.Object, java.lang.Object, java.lang.Object, java.lang.Object)'> (0x00000000aeb0c5f8) 
thrown [s\open\src\hotspot\share\interpreter\linkResolver.cpp, line 759]
Event: 2820.743 Thread 0x000001fc2ad13dd0 Exception <a 'sun/nio/fs/WindowsException'{0x00000000b961f600}> (0x00000000b961f600) 
thrown [s\open\src\hotspot\share\prims\jni.cpp, line 516]
Event: 2821.630 Thread 0x000001fc22e97270 Exception <a 'sun/nio/fs/WindowsException'{0x00000000b80b6638}> (0x00000000b80b6638) 
thrown [s\open\src\hotspot\share\prims\jni.cpp, line 516]
Event: 2824.093 Thread 0x000001fc2ad142e0 Exception <a 'sun/nio/fs/WindowsException'{0x00000000b14e88b0}> (0x00000000b14e88b0) 
thrown [s\open\src\hotspot\share\prims\jni.cpp, line 516]

VM Operations (20 events):
Event: 2820.550 Executing VM operation: ICBufferFull done
Event: 2820.755 Executing VM operation: G1CollectForAllocation
Event: 2820.863 Executing VM operation: G1CollectForAllocation done
Event: 2821.301 Executing VM operation: ICBufferFull
Event: 2821.333 Executing VM operation: ICBufferFull done
Event: 2821.607 Executing VM operation: HandshakeAllThreads
Event: 2821.724 Executing VM operation: HandshakeAllThreads done
Event: 2821.741 Executing VM operation: ICBufferFull
Event: 2821.756 Executing VM operation: ICBufferFull done
Event: 2821.996 Executing VM operation: ICBufferFull
Event: 2821.996 Executing VM operation: ICBufferFull done
Event: 2822.625 Executing VM operation: ICBufferFull
Event: 2822.666 Executing VM operation: ICBufferFull done
Event: 2823.335 Executing VM operation: ICBufferFull
Event: 2823.365 Executing VM operation: ICBufferFull done
Event: 2824.365 Executing VM operation: Cleanup
Event: 2824.524 Executing VM operation: Cleanup done
Event: 2825.708 Executing VM operation: ICBufferFull
Event: 2825.722 Executing VM operation: ICBufferFull done
Event: 2826.723 Executing VM operation: Cleanup

Events (20 events):
Event: 2821.849 Thread 0x000001fc7baff020 flushing nmethod 0x000001fc67e2a190
Event: 2821.849 Thread 0x000001fc7baff020 flushing nmethod 0x000001fc67e2af90
Event: 2821.849 Thread 0x000001fc7baff020 flushing nmethod 0x000001fc67e31e90
Event: 2821.849 Thread 0x000001fc7baff020 flushing nmethod 0x000001fc67e32510
Event: 2821.849 Thread 0x000001fc7baff020 flushing nmethod 0x000001fc67e33b10
Event: 2821.849 Thread 0x000001fc7baff020 flushing nmethod 0x000001fc67e34190
Event: 2821.849 Thread 0x000001fc7baff020 flushing nmethod 0x000001fc67e34690
Event: 2821.849 Thread 0x000001fc7baff020 flushing nmethod 0x000001fc67e34a10
Event: 2821.849 Thread 0x000001fc7baff020 flushing nmethod 0x000001fc67e35390
Event: 2821.849 Thread 0x000001fc7baff020 flushing nmethod 0x000001fc67e36990
Event: 2821.849 Thread 0x000001fc7baff020 flushing nmethod 0x000001fc67e36f10
Event: 2821.849 Thread 0x000001fc7baff020 flushing nmethod 0x000001fc67e5c210
Event: 2821.849 Thread 0x000001fc7baff020 flushing nmethod 0x000001fc67e5d210
Event: 2821.850 Thread 0x000001fc7baff020 flushing nmethod 0x000001fc67f3c390
Event: 2821.852 Thread 0x000001fc7baff020 flushing nmethod 0x000001fc68091210
Event: 2821.853 Thread 0x000001fc7baff020 flushing nmethod 0x000001fc680eb010
Event: 2821.853 Thread 0x000001fc7baff020 flushing nmethod 0x000001fc6814a490
Event: 2823.577 Thread 0x000001fc2e781f20 Thread added: 0x000001fc2e781f20
Event: 2824.487 Thread 0x000001fc2e782e50 Thread added: 0x000001fc2e782e50
Event: 2824.488 Thread 0x000001fc2e783360 Thread added: 0x000001fc2e783360


Dynamic libraries:
0x00007ff7d0210000 - 0x00007ff7d0220000 	C:\Program Files\Java\jdk-17\bin\java.exe
0x00007ffe27f60000 - 0x00007ffe281c7000 	C:\WINDOWS\SYSTEM32\ntdll.dll
0x00007ffe26650000 - 0x00007ffe26719000 	C:\WINDOWS\System32\KERNEL32.DLL
0x00007ffe25750000 - 0x00007ffe25b41000 	C:\WINDOWS\System32\KERNELBASE.dll
0x00007ffe248f0000 - 0x00007ffe24a3b000 	C:\WINDOWS\System32\ucrtbase.dll
0x00007ffe01a70000 - 0x00007ffe01a8b000 	C:\Program Files\Java\jdk-17\bin\VCRUNTIME140.dll
0x00007ffe01f30000 - 0x00007ffe01f49000 	C:\Program Files\Java\jdk-17\bin\jli.dll
0x00007ffe27bc0000 - 0x00007ffe27c7b000 	C:\WINDOWS\System32\ADVAPI32.dll
0x00007ffe27c80000 - 0x00007ffe27d29000 	C:\WINDOWS\System32\msvcrt.dll
0x00007ffe25d30000 - 0x00007ffe25dd7000 	C:\WINDOWS\System32\sechost.dll
0x00007ffe25ee0000 - 0x00007ffe25ff8000 	C:\WINDOWS\System32\RPCRT4.dll
0x00007ffe268c0000 - 0x00007ffe26a85000 	C:\WINDOWS\System32\USER32.dll
0x00007ffe25b50000 - 0x00007ffe25b77000 	C:\WINDOWS\System32\win32u.dll
0x00007ffe00bc0000 - 0x00007ffe00e53000 	C:\WINDOWS\WinSxS\amd64_microsoft.windows.common-controls_6595b64144ccf1df_6.0.26100.7922_none_3e089e1ee3342171\COMCTL32.dll
0x00007ffe26100000 - 0x00007ffe2612b000 	C:\WINDOWS\System32\GDI32.dll
0x00007ffe24af0000 - 0x00007ffe24c1a000 	C:\WINDOWS\System32\gdi32full.dll
0x00007ffe24a40000 - 0x00007ffe24ae3000 	C:\WINDOWS\System32\msvcp_win.dll
0x00007ffe18de0000 - 0x00007ffe18deb000 	C:\WINDOWS\SYSTEM32\VERSION.dll
0x00007ffe278c0000 - 0x00007ffe278f1000 	C:\WINDOWS\System32\IMM32.DLL
0x00007ffe0a8f0000 - 0x00007ffe0a8fc000 	C:\Program Files\Java\jdk-17\bin\vcruntime140_1.dll
0x00007ffdbaae0000 - 0x00007ffdbab6e000 	C:\Program Files\Java\jdk-17\bin\msvcp140.dll
0x00007ffd66370000 - 0x00007ffd66f50000 	C:\Program Files\Java\jdk-17\bin\server\jvm.dll
0x00007ffe25d00000 - 0x00007ffe25d08000 	C:\WINDOWS\System32\PSAPI.DLL
0x00007ffe0b900000 - 0x00007ffe0b90a000 	C:\WINDOWS\SYSTEM32\WSOCK32.dll
0x00007ffe218e0000 - 0x00007ffe21915000 	C:\WINDOWS\SYSTEM32\WINMM.dll
0x00007ffe26130000 - 0x00007ffe261a4000 	C:\WINDOWS\System32\WS2_32.dll
0x00007ffe235d0000 - 0x00007ffe235eb000 	C:\WINDOWS\SYSTEM32\kernel.appcore.dll
0x00007ffdffec0000 - 0x00007ffdffeca000 	C:\Program Files\Java\jdk-17\bin\jimage.dll
0x00007ffe22830000 - 0x00007ffe22a72000 	C:\WINDOWS\SYSTEM32\DBGHELP.DLL
0x00007ffe26ac0000 - 0x00007ffe26e42000 	C:\WINDOWS\System32\combase.dll
0x00007ffe26e60000 - 0x00007ffe26f37000 	C:\WINDOWS\System32\OLEAUT32.dll
0x00007ffdfe350000 - 0x00007ffdfe38b000 	C:\WINDOWS\SYSTEM32\dbgcore.DLL
0x00007ffe24840000 - 0x00007ffe248e5000 	C:\WINDOWS\System32\bcryptPrimitives.dll
0x00007ffddb3c0000 - 0x00007ffddb3ce000 	C:\Program Files\Java\jdk-17\bin\instrument.dll
0x00007ffdebd70000 - 0x00007ffdebd95000 	C:\Program Files\Java\jdk-17\bin\java.dll
0x00007ffd7e3a0000 - 0x00007ffd7e477000 	C:\Program Files\Java\jdk-17\bin\jsvml.dll
0x00007ffe27150000 - 0x00007ffe278af000 	C:\WINDOWS\System32\SHELL32.dll
0x00007ffe255e0000 - 0x00007ffe2574a000 	C:\WINDOWS\System32\wintypes.dll
0x00007ffe24c20000 - 0x00007ffe25484000 	C:\WINDOWS\System32\windows.storage.dll
0x00007ffe26000000 - 0x00007ffe260f7000 	C:\WINDOWS\System32\SHCORE.dll
0x00007ffe270e0000 - 0x00007ffe27147000 	C:\WINDOWS\System32\shlwapi.dll
0x00007ffe24760000 - 0x00007ffe24789000 	C:\WINDOWS\SYSTEM32\profapi.dll
0x00007ffde2d40000 - 0x00007ffde2d58000 	C:\Program Files\Java\jdk-17\bin\zip.dll
0x00007ffdffc00000 - 0x00007ffdffc19000 	C:\Program Files\Java\jdk-17\bin\net.dll
0x00007ffe1c290000 - 0x00007ffe1c3b7000 	C:\WINDOWS\SYSTEM32\WINHTTP.dll
0x00007ffe23b40000 - 0x00007ffe23bab000 	C:\WINDOWS\system32\mswsock.dll
0x00007ffdf3880000 - 0x00007ffdf3896000 	C:\Program Files\Java\jdk-17\bin\nio.dll
0x00007ffe01b00000 - 0x00007ffe01b10000 	C:\Program Files\Java\jdk-17\bin\verify.dll
0x00007ffdbb3c0000 - 0x00007ffdbb3e7000 	C:\Users\glbha\.gradle\native\c067742578af261105cb4f569cf0c3c89f3d7b1fecec35dd04571415982c5e48\windows-amd64\native-platform.dll
0x00007ffd6e0f0000 - 0x00007ffd6e234000 	C:\Users\glbha\.gradle\native\38dada09dfb8b06ba9b0570ebf7e218e3eb74d4ef43ca46872605cf95ebc2f47\windows-amd64\native-platform-file-events.dll
0x00007ffdebd60000 - 0x00007ffdebd6a000 	C:\Program Files\Java\jdk-17\bin\management.dll
0x00007ffde2d30000 - 0x00007ffde2d3b000 	C:\Program Files\Java\jdk-17\bin\management_ext.dll
0x00007ffe23e20000 - 0x00007ffe23e3b000 	C:\WINDOWS\SYSTEM32\CRYPTSP.dll
0x00007ffe23530000 - 0x00007ffe23569000 	C:\WINDOWS\system32\rsaenh.dll
0x00007ffe23bf0000 - 0x00007ffe23c22000 	C:\WINDOWS\SYSTEM32\USERENV.dll
0x00007ffe24730000 - 0x00007ffe2475a000 	C:\WINDOWS\SYSTEM32\bcrypt.dll
0x00007ffe23e40000 - 0x00007ffe23e4c000 	C:\WINDOWS\SYSTEM32\CRYPTBASE.dll
0x00007ffe22f90000 - 0x00007ffe22fc3000 	C:\WINDOWS\SYSTEM32\IPHLPAPI.DLL
0x00007ffe27980000 - 0x00007ffe2798a000 	C:\WINDOWS\System32\NSI.dll
0x00007ffe1ef90000 - 0x00007ffe1efad000 	C:\WINDOWS\SYSTEM32\dhcpcsvc6.DLL
0x00007ffe1c9c0000 - 0x00007ffe1c9e3000 	C:\WINDOWS\SYSTEM32\dhcpcsvc.DLL
0x00007ffe23030000 - 0x00007ffe2315a000 	C:\WINDOWS\SYSTEM32\DNSAPI.dll
0x00007ffdd9810000 - 0x00007ffdd981e000 	C:\Program Files\Java\jdk-17\bin\sunmscapi.dll
0x00007ffe25b80000 - 0x00007ffe25cf7000 	C:\WINDOWS\System32\CRYPT32.dll
0x00007ffe24040000 - 0x00007ffe24070000 	C:\WINDOWS\SYSTEM32\ncrypt.dll
0x00007ffe23ff0000 - 0x00007ffe2402f000 	C:\WINDOWS\SYSTEM32\NTASN1.dll
0x00007ffde04a0000 - 0x00007ffde04a8000 	C:\WINDOWS\system32\wshunix.dll
0x00007ffe1b580000 - 0x00007ffe1b58b000 	C:\Windows\System32\rasadhlp.dll
0x00007ffe1f460000 - 0x00007ffe1f4e6000 	C:\WINDOWS\System32\fwpuclnt.dll
0x00007ffdfa5c0000 - 0x00007ffdfa5d8000 	C:\WINDOWS\system32\napinsp.dll
0x00007ffdfa570000 - 0x00007ffdfa582000 	C:\WINDOWS\System32\winrnr.dll
0x00007ffdfa540000 - 0x00007ffdfa562000 	C:\WINDOWS\system32\nlansp_c.dll
0x00007ffdfa520000 - 0x00007ffdfa536000 	C:\WINDOWS\system32\wshbth.dll
0x00007ffe236f0000 - 0x00007ffe23726000 	C:\WINDOWS\SYSTEM32\ntmarta.dll
0x00007ffe0bbc0000 - 0x00007ffe0bbde000 	C:\Users\glbha\AppData\Local\Temp\native-platform7855928061959261273dir\native-platform.dll
0x00007ffe1bdf0000 - 0x00007ffe1bdf7000 	C:\Program Files\Java\jdk-17\bin\rmi.dll

dbghelp: loaded successfully - version: 4.0.5 - missing functions: none
symbol engine: initialized successfully - sym options: 0x614 - pdb path: .;C:\Program Files\Java\jdk-17\bin;C:\WINDOWS\SYSTEM32;C:\WINDOWS\WinSxS\amd64_microsoft.windows.common-controls_6595b64144ccf1df_6.0.26100.7922_none_3e089e1ee3342171;C:\Program Files\Java\jdk-17\bin\server;C:\Users\glbha\.gradle\native\c067742578af261105cb4f569cf0c3c89f3d7b1fecec35dd04571415982c5e48\windows-amd64;C:\Users\glbha\.gradle\native\38dada09dfb8b06ba9b0570ebf7e218e3eb74d4ef43ca46872605cf95ebc2f47\windows-amd64;C:\Users\glbha\AppData\Local\Temp\native-platform7855928061959261273dir

VM Arguments:
jvm_args: -XX:MaxMetaspaceSize=512m --add-opens=java.base/java.util=ALL-UNNAMED --add-opens=java.base/java.lang=ALL-UNNAMED --add-opens=java.base/java.lang.invoke=ALL-UNNAMED --add-opens=java.prefs/java.util.prefs=ALL-UNNAMED --add-opens=java.base/java.nio.charset=ALL-UNNAMED --add-opens=java.base/java.net=ALL-UNNAMED --add-opens=java.base/java.util.concurrent.atomic=ALL-UNNAMED -Xmx2048m -Dfile.encoding=windows-1252 -Duser.country=IN -Duser.language=en -Duser.variant -javaagent:C:\Users\glbha\.gradle\wrapper\dists\gradle-8.6-all\3mbtmo166bl6vumsh5k2lkq5h\gradle-8.6\lib\agents\gradle-instrumentation-agent-8.6.jar 
java_command: org.gradle.launcher.daemon.bootstrap.GradleDaemon 8.6
java_class_path (initial): C:\Users\glbha\.gradle\wrapper\dists\gradle-8.6-all\3mbtmo166bl6vumsh5k2lkq5h\gradle-8.6\lib\gradle-launcher-8.6.jar
Launcher Type: SUN_STANDARD

[Global flags]
     intx CICompilerCount                          = 4                                         {product} {ergonomic}
   size_t CompressedClassSpaceSize                 = 436207616                                 {product} {ergonomic}
     uint ConcGCThreads                            = 3                                         {product} {ergonomic}
     uint G1ConcRefinementThreads                  = 10                                        {product} {ergonomic}
   size_t G1HeapRegionSize                         = 1048576                                   {product} {ergonomic}
    uintx GCDrainStackTargetSize                   = 64                                        {product} {ergonomic}
   size_t InitialHeapSize                          = 130023424                                 {product} {ergonomic}
   size_t MarkStackSize                            = 4194304                                   {product} {ergonomic}
   size_t MaxHeapSize                              = 2147483648                                {product} {command line}
   size_t MaxMetaspaceSize                         = 536870912                                 {product} {command line}
   size_t MaxNewSize                               = 1287651328                                {product} {ergonomic}
   size_t MinHeapDeltaBytes                        = 1048576                                   {product} {ergonomic}
   size_t MinHeapSize                              = 8388608                                   {product} {ergonomic}
    uintx NonNMethodCodeHeapSize                   = 5839372                                {pd product} {ergonomic}
    uintx NonProfiledCodeHeapSize                  = 122909434                              {pd product} {ergonomic}
    uintx ProfiledCodeHeapSize                     = 122909434                              {pd product} {ergonomic}
    uintx ReservedCodeCacheSize                    = 251658240                              {pd product} {ergonomic}
     bool SegmentedCodeCache                       = true                                      {product} {ergonomic}
   size_t SoftMaxHeapSize                          = 2147483648                             {manageable} {ergonomic}
     bool UseCompressedClassPointers               = true                           {product lp64_product} {ergonomic}
     bool UseCompressedOops                        = true                           {product lp64_product} {ergonomic}
     bool UseG1GC                                  = true                                      {product} {ergonomic}
     bool UseLargePagesIndividualAllocation        = false                                  {pd product} {ergonomic}

Logging:
Log output configuration:
 #0: stdout all=warning uptime,level,tags
 #1: stderr all=off uptime,level,tags

Environment Variables:
JAVA_HOME=C:\Program Files\Java\jdk-17
CLASSPATH=D:\Projects\Agro_Shield\User_Frontend\android\\gradle\wrapper\gradle-wrapper.jar
PATH=D:\Projects\Agro_Shield\User_Frontend\node_modules\.bin;D:\Projects\Agro_Shield\node_modules\.bin;D:\Projects\node_modules\.bin;D:\node_modules\.bin;C:\Program Files\nodejs\node_modules\npm\node_modules\@npmcli\run-script\lib\node-gyp-bin;C:\Users\glbha\bin;C:\Program Files\Git\mingw64\bin;C:\Program Files\Git\usr\local\bin;C:\Program Files\Git\usr\bin;C:\Program Files\Git\usr\bin;C:\Program Files\Git\mingw64\bin;C:\Program Files\Git\usr\bin;C:\Users\glbha\bin;C:\Users\glbha\AppData\Roaming\Code\User\globalStorage\github.copilot-chat\debugCommand;C:\Users\glbha\AppData\Roaming\Code\User\globalStorage\github.copilot-chat\copilotCli;C:\Program Files\Common Files\Oracle\Java\javapath;C:\WINDOWS\system32;C:\WINDOWS;C:\WINDOWS\System32\Wbem;C:\WINDOWS\System32\WindowsPowerShell\v1.0;C:\WINDOWS\System32\OpenSSH;C:\Program Files\nodejs;C:\Program Files\Git\cmd;C:\Program Files\Java\jdk-17\bin;C:\Program Files\MySQL\MySQL Server 8.0\bin;C:\MinGW\bin;D:\Apps\netbeans\bin;D:\Apps\IntelliJ\IntelliJ IDEA Community Edition 2025.2.3\bin;C:\Program Files\apache-jmeter-5.6.3\bin;D:\Apps\Microsoft VS Code\bin;C:\Program Files\MongoDB\Server\8.2\bin;C:\Program Files (x86)\Microsoft SQL Server\170\Tools\Binn;C:\Program Files\Microsoft SQL Server\170\Tools\Binn;C:\Program Files\Microsoft SQL Server\Client SDK\ODBC\180\Tools\Binn;C:\Program Files\Microsoft SQL Server\170\DTS\Binn;C:\Program Files\PuTTY;C:\Program Files\MySQL\MySQL Shell 8.0\bin;C:\Users\glbha\AppData\Local\Programs\Python\Python311\Scripts;C:\Users\glbha\AppData\Local\Programs\Python\Python311;C:\Users\glbha\AppData\Local\Microsoft\WindowsApps;C:\Users\glbha\AppData\Roaming\npm;C:\msys64\ucrt64\bin;D:\Apps\IntelliJ\IntelliJ IDEA 2025.2.3\bin;D:\Apps\PyCharm\PyCharm 2025.2.3\bin;C:\Users\glbha\AppData\Local\Programs\Antigravity\bin;%ANDROID_HOME%\platform-tools;%ANDROID_HOME%\tools;C:\Users\glbha\AppData\Local\JetBrains\Toolbox\scripts;C:\Users\glbha\.vscode\extensions\vscjava.vscode-java-debug-0.58.5\bundled\scripts\n
USERNAME=black03
SHELL=C:\Program Files\Git\usr\bin\bash.exe
DISPLAY=needs-to-be-defined
LANG=en_US.UTF-8
OS=Windows_NT
PROCESSOR_IDENTIFIER=Intel64 Family 6 Model 186 Stepping 3, GenuineIntel



---------------  S Y S T E M  ---------------

OS:
 Windows 11 , 64 bit Build 26100 (10.0.26100.7920)
OS uptime: 1 days 15:26 hours
Hyper-V role detected

CPU: total 12 (initial active 12) (6 cores per cpu, 2 threads per core) family 6 model 186 stepping 3 microcode 0x4121, cx8, cmov, fxsr, ht, mmx, 3dnowpref, sse, sse2, sse3, ssse3, sse4.1, sse4.2, popcnt, lzcnt, tsc, tscinvbit, avx, avx2, aes, erms, clmul, bmi1, bmi2, adx, sha, fma, vzeroupper, clflush, clflushopt, clwb, hv

Memory: 4k page, system-wide physical 7835M (445M free)
TotalPageFile size 30261M (AvailPageFile size 31M)
current process WorkingSet (physical memory assigned to process): 779M, peak: 1027M
current process commit charge ("private bytes"): 1584M, peak: 1588M

vm_info: Java HotSpot(TM) 64-Bit Server VM (17.0.12+8-LTS-286) for windows-amd64 JRE (17.0.12+8-LTS-286), built on Jun  5 2024 06:46:59 by "mach5one" with MS VC++ 17.6 (VS2022)

END.
